filename	Mlle	Mme	Mad.	(née	(Dame	 née	 Madame	(Madame	Mademoiselle	total
1887-0022	0	0	0	0	0	0	0	0	0	0
1887-0023	0	0	0	0	0	0	0	0	0	0
1887-0024	1	1	0	0	0	0	0	0	0	2
1887-0025	0	0	0	0	0	0	0	0	0	0
1887-0026	1	1	0	0	0	0	0	0	0	2
1887-0027	0	0	0	0	0	0	0	0	0	0
1887-0028	0	0	0	0	0	0	0	0	0	0
1887-0029	0	0	0	0	0	0	0	0	0	0
1887-0030	0	0	0	0	0	0	0	0	0	0
1887-0031	0	0	0	0	0	0	0	0	0	0
1887-0032	0	0	0	0	0	0	0	0	0	0
1887-0033	0	0	0	0	0	0	0	0	0	0
1887-0034	0	0	0	0	0	0	0	0	0	0
1887-0035	0	0	0	0	0	0	0	0	0	0
1887-0036	0	0	0	0	0	0	0	0	0	0
1887-0037	0	0	0	0	0	0	0	0	0	0
1887-0038	2	0	0	0	0	0	0	0	0	2
1887-0039	0	0	0	0	0	0	0	0	0	0
1887-0040	0	0	0	0	0	0	0	0	0	0
1887-0041	0	0	0	0	0	0	0	0	0	0
1887-0042	0	0	0	0	0	0	0	0	0	0
1887-0043	0	0	0	0	0	0	0	0	0	0
1887-0044	0	0	0	0	0	0	0	0	0	0
1887-0045	0	0	0	0	0	0	0	0	0	0
1887-0046	0	0	0	0	0	0	0	0	0	0
1887-0047	0	0	0	0	0	0	0	0	0	0
1887-0048	0	1	0	0	0	0	0	0	0	1
1887-0049	0	0	0	0	0	0	0	0	0	0
1887-0050	0	1	0	0	0	0	0	0	0	1
1887-0051	0	0	0	0	0	0	0	0	0	0
1887-0052	0	0	0	0	0	0	0	0	0	0
1887-0053	0	0	0	0	0	0	0	0	0	0
1887-0054	0	0	0	0	0	0	0	0	0	0
1887-0055	0	0	0	0	0	0	0	0	0	0
1887-0056	0	0	0	0	0	0	0	0	0	0
1887-0060	0	0	0	0	0	0	0	0	0	0
1887-0061	0	0	0	0	0	0	0	0	0	0
1887-0062	0	0	0	0	0	0	0	0	0	0
1887-0063	0	0	0	0	0	0	0	0	0	0
1887-0064	0	0	0	0	0	0	0	0	0	0
1887-0065	0	0	0	0	0	0	0	0	0	0
1887-0066	0	0	0	0	0	0	0	0	0	0
1887-0067	0	0	0	0	0	0	0	0	0	0
1887-0068	0	0	0	0	0	0	0	0	0	0
1887-0069	0	0	0	0	0	0	0	0	0	0
1887-0070	0	0	0	0	0	0	0	0	0	0
1887-0071	0	0	0	0	0	0	0	0	0	0
1887-0072	0	0	0	0	0	0	0	0	0	0
1887-0073	0	0	0	0	0	0	0	0	0	0
1887-0074	0	0	0	0	0	0	0	0	0	0
1887-0075	0	0	0	0	0	0	0	0	0	0
1887-0076	0	0	0	0	0	0	0	0	0	0
1887-0077	0	0	0	0	0	0	0	0	0	0
1887-0078	0	0	0	0	0	0	0	0	0	0
1887-0079	0	0	0	0	0	0	0	0	0	0
1887-0080	0	0	0	0	0	0	0	0	0	0
1887-0081	0	0	0	0	0	0	0	0	0	0
1887-0082	0	0	0	0	0	0	0	0	0	0
1887-0083	0	0	0	0	0	0	0	0	0	0
1887-0084	0	0	0	0	0	0	0	0	0	0
1887-0085	0	0	0	0	0	0	0	0	0	0
1887-0086	0	0	0	0	0	0	0	0	0	0
1887-0087	0	0	0	0	0	0	0	0	0	0
1887-0088	0	0	0	0	0	0	0	0	0	0
1887-0089	0	0	0	0	0	0	0	0	0	0
1887-0090	0	0	0	0	0	0	0	0	0	0
1887-0091	0	0	0	0	0	0	0	0	0	0
1887-0092	0	0	0	0	0	0	0	0	0	0
1887-0093	0	0	0	0	0	0	0	0	0	0
1887-0094	0	0	0	0	0	0	0	0	0	0
1887-0095	0	0	0	0	0	0	0	0	0	0
1887-0096	0	0	0	0	0	0	0	0	0	0
1887-0097	0	0	0	0	0	0	0	0	0	0
1887-0098	0	0	0	0	0	0	0	0	0	0
1887-0099	0	0	0	0	0	0	0	0	0	0
1887-0100	0	0	0	0	0	0	0	0	0	0
1887-0101	0	0	0	0	0	0	0	0	0	0
1887-0102	0	0	0	0	0	0	0	0	0	0
1887-0103	0	0	0	0	0	0	0	0	0	0
1887-0104	0	0	0	0	0	0	0	0	0	0
1887-0105	0	0	0	0	0	0	0	0	0	0
1887-0106	0	0	0	0	0	0	0	0	0	0
1887-0107	0	0	0	0	0	0	0	0	0	0
1887-0108	0	0	0	0	0	0	0	0	0	0
1887-0109	0	0	0	0	0	0	0	0	0	0
1887-0110	0	0	0	0	0	0	0	0	0	0
1887-0111	0	0	0	0	0	0	0	0	0	0
1887-0112	0	0	0	0	0	0	0	0	0	0
1887-0113	0	0	0	0	0	0	0	0	0	0
1887-0114	0	0	0	0	0	0	0	0	0	0
1887-0115	0	0	0	0	0	0	0	0	0	0
1887-0116	0	0	0	0	0	0	0	0	0	0
1887-0117	0	0	0	0	0	0	0	0	0	0
1887-0118	0	0	0	0	0	0	0	0	0	0
1887-0119	0	0	0	0	0	0	0	0	0	0
1887-0120	0	0	0	0	0	0	0	0	0	0
1887-0121	0	0	0	0	0	0	0	0	0	0
1887-0122	0	0	0	0	0	0	0	0	0	0
1887-0123	0	0	0	0	0	0	0	0	0	0
1887-0124	0	0	0	0	0	0	0	0	0	0
1887-0125	0	0	0	0	0	0	0	0	0	0
1887-0126	0	0	0	0	0	0	0	0	0	0
1887-0127	0	0	0	0	0	0	0	0	0	0
1887-0128	0	0	0	0	0	0	0	0	0	0
1887-0129	0	0	0	0	0	0	0	0	0	0
1887-0130	0	0	0	0	0	0	0	0	0	0
1887-0131	0	0	0	0	0	0	0	0	0	0
1887-0132	0	0	0	0	0	0	0	0	0	0
1887-0133	0	0	0	0	0	0	0	0	0	0
1887-0134	0	0	0	0	0	0	0	0	0	0
1887-0135	0	0	0	0	0	0	0	0	0	0
1887-0136	0	0	0	0	0	0	0	0	0	0
1887-0137	0	0	0	0	0	0	0	0	0	0
1887-0138	0	0	0	0	0	0	0	0	0	0
1887-0139	0	0	0	0	0	0	0	0	0	0
1887-0140	0	0	0	0	0	0	0	0	0	0
1887-0141	0	0	0	0	0	0	0	0	0	0
1887-0142	0	0	0	0	0	0	0	0	0	0
1887-0143	0	0	0	0	0	0	0	0	0	0
1887-0144	0	0	0	0	0	0	0	0	0	0
1887-0145	0	0	0	0	0	0	0	0	0	0
1887-0146	0	0	0	0	0	0	0	0	0	0
1887-0147	0	0	0	0	0	0	0	0	0	0
1887-0148	0	0	0	0	0	0	0	0	0	0
1887-0149	0	0	0	0	0	0	0	0	0	0
1887-0150	0	0	0	0	0	0	0	0	0	0
1887-0151	0	0	0	0	0	0	0	0	0	0
1887-0152	0	0	0	0	0	0	0	0	0	0
1887-0153	0	0	0	0	0	0	0	0	0	0
1887-0154	0	0	0	0	0	0	0	0	0	0
1887-0155	0	0	0	0	0	0	0	0	0	0
1887-0156	0	0	0	0	0	0	0	0	0	0
1887-0157	0	0	0	0	0	0	0	0	0	0
1887-0158	0	0	0	0	0	0	0	0	0	0
1887-0159	0	0	0	0	0	0	0	0	0	0
1887-0160	0	0	0	0	0	0	0	0	0	0
1887-0161	0	0	0	0	0	0	0	0	0	0
1887-0162	0	0	0	0	0	0	0	0	0	0
1887-0163	0	0	0	0	0	0	0	0	0	0
1887-0164	0	0	0	0	0	0	0	0	0	0
1887-0165	0	0	0	0	0	0	0	0	0	0
1887-0166	0	0	0	0	0	0	0	0	0	0
1887-0167	0	0	0	0	0	0	0	0	0	0
1887-0168	0	0	0	0	0	0	0	0	0	0
1887-0169	0	0	0	0	0	0	0	0	0	0
1887-0170	0	0	0	0	0	0	0	0	0	0
1887-0171	0	0	0	0	0	0	0	0	0	0
1887-0172	0	0	0	0	0	0	0	0	0	0
1887-0173	0	0	0	0	0	0	0	0	0	0
1887-0174	0	0	0	0	0	0	0	0	0	0
1887-0175	0	0	0	0	0	0	0	0	0	0
1887-0176	0	0	0	0	0	0	0	0	0	0
1887-0177	0	0	0	0	0	0	0	0	0	0
1887-0178	0	0	0	0	0	0	0	0	0	0
1887-0179	0	0	0	0	0	0	0	0	0	0
1887-0180	0	0	0	0	0	0	0	0	0	0
1887-0181	0	0	0	0	0	0	0	0	0	0
1887-0182	0	0	0	0	0	0	0	0	0	0
1887-0183	0	0	0	0	0	0	0	0	0	0
1887-0184	0	0	0	0	0	0	0	0	0	0
1887-0185	0	0	0	0	0	0	0	0	0	0
1887-0186	0	0	0	0	0	0	0	0	0	0
1887-0187	0	0	0	0	0	0	0	0	0	0
1887-0188	0	0	0	0	0	0	0	0	0	0
1887-0189	0	0	0	0	0	0	0	0	0	0
1887-0190	0	0	0	0	0	0	0	0	0	0
1887-0191	0	0	0	0	0	0	0	0	0	0
1887-0192	0	0	0	0	0	0	0	0	0	0
1887-0198	0	1	0	0	0	0	0	0	0	1
1887-0199	1	0	0	0	0	0	0	0	0	1
1887-0200	0	3	0	0	0	0	0	0	0	3
1887-0206	0	0	0	0	0	0	0	0	0	0
1887-0207	0	0	0	0	0	0	0	0	0	0
1887-0208	0	0	0	0	0	0	0	0	0	0
1887-0209	0	0	0	0	0	0	0	0	0	0
1887-0210	0	0	0	0	0	0	0	0	0	0
1887-0211	0	0	0	0	0	0	0	0	0	0
1887-0212	0	0	0	0	0	0	0	0	0	0
1887-0213	0	0	0	0	0	0	0	0	0	0
1887-0214	0	0	0	0	0	0	0	0	0	0
1887-0215	0	0	0	0	0	0	0	0	0	0
1887-0216	0	0	0	0	0	0	0	0	0	0
1887-0217	0	0	0	0	0	0	0	0	0	0
1887-0218	0	0	0	0	0	0	0	0	0	0
1887-0219	0	0	0	0	0	0	0	0	0	0
1887-0220	0	0	0	0	0	0	0	0	0	0
1887-0221	0	0	0	0	0	0	0	0	0	0
1887-0222	0	0	0	0	0	0	0	0	0	0
1887-0223	0	0	0	0	0	0	0	0	0	0
1887-0224	0	0	0	0	0	0	0	0	0	0
1887-0225	0	0	0	0	0	0	0	0	0	0
1887-0226	0	0	0	0	0	0	0	0	0	0
1887-0227	0	0	0	0	0	0	0	0	0	0
1887-0228	0	0	0	0	0	0	0	0	0	0
1887-0229	0	0	0	0	0	0	0	0	0	0
1887-0230	0	0	0	0	0	0	0	0	0	0
1887-0231	0	0	0	0	0	0	0	0	0	0
1887-0232	0	0	0	0	0	0	0	0	0	0
1887-0233	0	0	0	0	0	0	0	0	0	0
1887-0234	0	0	0	0	0	0	0	0	0	0
1887-0235	0	0	0	0	0	0	0	0	0	0
1887-0236	0	0	0	0	0	0	0	0	0	0
1888-0060	0	0	0	0	0	0	0	0	0	0
1888-0061	0	0	0	0	0	0	0	0	0	0
1888-0062	1	0	0	0	0	0	0	0	0	1
1888-0063	0	0	0	0	0	0	0	0	0	0
1888-0064	0	1	0	0	0	0	0	0	0	1
1888-0065	0	0	0	0	0	0	0	0	0	0
1888-0066	0	0	0	0	0	0	0	0	0	0
1888-0067	0	0	0	0	0	0	0	0	0	0
1888-0068	0	0	0	0	0	0	0	0	0	0
1888-0069	0	0	0	0	0	0	0	0	0	0
1888-0070	0	0	0	0	0	0	0	0	0	0
1888-0071	0	1	0	0	0	0	0	0	0	1
1888-0072	0	0	0	0	0	0	0	0	0	0
1888-0073	0	1	0	0	0	0	0	0	0	1
1888-0074	0	0	0	0	0	0	0	0	0	0
1888-0075	0	0	0	0	0	0	0	0	0	0
1888-0076	1	0	0	0	0	0	0	0	0	1
1888-0077	0	0	0	0	0	0	0	0	0	0
1888-0078	0	0	0	0	0	0	0	0	0	0
1888-0079	0	0	0	0	0	0	0	0	0	0
1888-0080	0	0	0	0	0	0	0	0	0	0
1888-0081	0	0	0	0	0	0	0	0	0	0
1888-0082	0	0	0	0	0	0	0	0	0	0
1888-0083	0	1	0	0	0	0	0	0	0	1
1888-0084	0	0	0	0	0	0	0	0	0	0
1888-0085	0	1	0	0	0	0	0	0	0	1
1888-0086	0	0	0	0	0	0	0	0	0	0
1888-0087	0	0	0	0	0	0	0	0	0	0
1888-0088	0	0	0	0	0	0	0	0	0	0
1888-0089	0	0	0	0	0	0	0	0	0	0
1888-0094	0	1	0	0	0	0	0	0	0	1
1888-0095	1	2	0	0	0	0	0	0	0	3
1888-0096	0	1	0	0	0	0	0	0	0	1
1888-0210	0	0	0	0	0	0	0	0	0	0
1888-0211	0	0	0	0	0	0	0	0	0	0
1888-0212	0	0	0	0	0	0	0	0	0	0
1888-0213	0	0	0	0	0	0	0	0	0	0
1888-0214	0	0	0	0	0	0	0	0	0	0
1888-0215	0	0	0	0	0	0	0	0	0	0
1888-0216	0	0	0	0	0	0	0	0	0	0
1888-0217	0	0	0	0	0	0	0	0	0	0
1888-0218	0	0	0	0	0	0	0	0	0	0
1888-0219	0	0	0	0	0	0	0	0	0	0
1888-0220	0	0	0	0	0	0	0	0	0	0
1888-0221	0	0	0	0	0	0	0	0	0	0
1888-0222	0	0	0	0	0	0	0	0	0	0
1888-0223	0	0	0	0	0	0	0	0	0	0
1888-0224	0	0	0	0	0	0	0	0	0	0
1888-0225	0	0	0	0	0	0	0	0	0	0
1888-0226	0	0	0	0	0	0	0	0	0	0
1888-0227	0	0	0	0	0	0	0	0	0	0
1888-0228	0	0	0	0	0	0	0	0	0	0
1888-0229	0	0	0	0	0	0	0	0	0	0
1888-0230	0	0	0	0	0	0	0	0	0	0
1888-0231	0	0	0	0	0	0	0	0	0	0
1888-0232	0	0	0	0	0	0	0	0	0	0
1888-0233	0	0	0	0	0	0	0	0	0	0
1888-0234	0	0	0	0	0	0	0	0	0	0
1888-0235	0	0	0	0	0	0	0	0	0	0
1888-0236	0	0	0	0	0	0	0	0	0	0
1888-0237	0	0	0	0	0	0	0	0	0	0
1888-0238	0	0	0	0	0	0	0	0	0	0
1888-0239	0	0	0	0	0	0	0	0	0	0
1888-0240	0	0	0	0	0	0	0	0	0	0
1888-0241	0	0	0	0	0	0	0	0	0	0
1888-0242	0	0	0	0	0	0	0	0	0	0
1888-0243	0	0	0	0	0	0	0	0	0	0
1888-0244	0	0	0	0	0	0	0	0	0	0
1888-0245	0	0	0	0	0	0	0	0	0	0
1888-0246	0	0	0	0	0	0	0	0	0	0
1888-0247	0	0	0	0	0	0	0	0	0	0
1888-0248	0	0	0	0	0	0	0	0	0	0
1888-0249	0	0	0	0	0	0	0	0	0	0
1888-0250	0	0	0	0	0	0	0	0	0	0
1888-0251	0	0	0	0	0	0	0	0	0	0
1888-0252	0	0	0	0	0	0	0	0	0	0
1888-0253	0	0	0	0	0	0	0	0	0	0
1888-0254	0	0	0	0	0	0	0	0	0	0
1888-0255	0	0	0	0	0	0	0	0	0	0
1888-0256	0	0	0	0	0	0	0	0	0	0
1888-0257	0	0	0	0	0	0	0	0	0	0
1888-0258	0	0	0	0	0	0	0	0	0	0
1888-0259	0	0	0	0	0	0	0	0	0	0
1888-0260	0	0	0	0	0	0	0	0	0	0
1888-0261	0	0	0	0	0	0	0	0	0	0
1888-0262	0	0	0	0	0	0	0	0	0	0
1888-0263	0	0	0	0	0	0	0	0	0	0
1888-0264	0	0	0	0	0	0	0	0	0	0
1888-0265	0	0	0	0	0	0	0	0	0	0
1888-0266	0	0	0	0	0	0	0	0	0	0
1888-0267	0	0	0	0	0	0	0	0	0	0
1888-0268	0	0	0	0	0	0	0	0	0	0
1888-0269	0	0	0	0	0	0	0	0	0	0
1888-0270	0	0	0	0	0	0	0	0	0	0
1888-0271	0	0	0	0	0	0	0	0	0	0
1888-0272	0	0	0	0	0	0	0	0	0	0
1888-0273	0	0	0	0	0	0	0	0	0	0
1888-0274	0	0	0	0	0	0	0	0	0	0
1888-0275	0	0	0	0	0	0	0	0	0	0
1888-0276	0	0	0	0	0	0	0	0	0	0
1888-0277	0	0	0	0	0	0	0	0	0	0
1888-0278	0	0	0	0	0	0	0	0	0	0
1888-0279	0	0	0	0	0	0	0	0	0	0
1888-0280	0	0	0	0	0	0	0	0	0	0
1888-0281	0	0	0	0	0	0	0	0	0	0
1888-0282	0	0	0	0	0	0	0	0	0	0
1888-0283	0	0	0	0	0	0	0	0	0	0
1888-0284	0	0	0	0	0	0	0	0	0	0
1888-0285	0	0	0	0	0	0	0	0	0	0
1888-0286	0	0	0	0	0	0	0	0	0	0
1888-0287	0	0	0	0	0	0	0	0	0	0
1888-0288	0	0	0	0	0	0	0	0	0	0
1888-0289	0	0	0	0	0	0	0	0	0	0
1888-0290	0	0	0	0	0	0	0	0	0	0
1888-0291	0	0	0	0	0	0	0	0	0	0
1888-0292	0	0	0	0	0	0	0	0	0	0
1888-0293	0	0	0	0	0	0	0	0	0	0
1888-0294	0	0	0	0	0	0	0	0	0	0
1888-0295	0	0	0	0	0	0	0	0	0	0
1888-0296	0	0	0	0	0	0	0	0	0	0
1888-0297	0	0	0	0	0	0	0	0	0	0
1888-0298	0	0	0	0	0	0	0	0	0	0
1888-0299	0	0	0	0	0	0	0	0	0	0
1888-0300	0	0	0	0	0	0	0	0	0	0
1888-0301	0	0	0	0	0	0	0	0	0	0
1888-0302	0	0	0	0	0	0	0	0	0	0
1888-0303	0	0	0	0	0	0	0	0	0	0
1888-0304	0	0	0	0	0	0	0	0	0	0
1888-0305	0	0	0	0	0	0	0	0	0	0
1888-0306	0	0	0	0	0	0	0	0	0	0
1888-0307	0	0	0	0	0	0	0	0	0	0
1888-0308	0	0	0	0	0	0	0	0	0	0
1888-0309	0	0	0	0	0	0	0	0	0	0
1888-0310	0	0	0	0	0	0	0	0	0	0
1888-0311	0	0	0	0	0	0	0	0	0	0
1888-0312	0	0	0	0	0	0	0	0	0	0
1888-0313	0	0	0	0	0	0	0	0	0	0
1888-0314	0	0	0	0	0	0	0	0	0	0
1888-0315	0	0	0	0	0	0	0	0	0	0
1888-0316	0	0	0	0	0	0	0	0	0	0
1888-0317	0	0	0	0	0	0	0	0	0	0
1888-0318	0	0	0	0	0	0	0	0	0	0
1888-0319	0	0	0	0	0	0	0	0	0	0
1888-0320	0	0	0	0	0	0	0	0	0	0
1888-0321	0	0	0	0	0	0	0	0	0	0
1888-0322	0	0	0	0	0	0	0	0	0	0
1888-0323	0	0	0	0	0	0	0	0	0	0
1888-0324	0	0	0	0	0	0	0	0	0	0
1888-0325	0	0	0	0	0	0	0	0	0	0
1888-0326	0	0	0	0	0	0	0	0	0	0
1888-0327	0	0	0	0	0	0	0	0	0	0
1888-0328	0	0	0	0	0	0	0	0	0	0
1888-0329	0	0	0	0	0	0	0	0	0	0
1888-0330	0	0	0	0	0	0	0	0	0	0
1888-0331	0	0	0	0	0	0	0	0	0	0
1888-0332	0	0	0	0	0	0	0	0	0	0
1888-0333	0	0	0	0	0	0	0	0	0	0
1888-0334	0	0	0	0	0	0	0	0	0	0
1888-0340	0	0	0	0	0	0	0	0	0	0
1888-0341	0	0	0	0	0	0	0	0	0	0
1888-0342	0	0	0	0	0	0	0	0	0	0
1888-0343	0	0	0	0	0	0	0	0	0	0
1888-0344	0	0	0	0	0	0	0	0	0	0
1888-0345	0	0	0	0	0	0	0	0	0	0
1888-0346	0	0	0	0	0	0	0	0	0	0
1888-0347	0	0	0	0	0	0	0	0	0	0
1888-0348	0	0	0	0	0	0	0	0	0	0
1888-0349	0	0	0	0	0	0	0	0	0	0
1888-0350	0	0	0	0	0	0	0	0	0	0
1888-0351	0	0	0	0	0	0	0	0	0	0
1888-0352	0	0	0	0	0	0	0	0	0	0
1888-0353	0	0	0	0	0	0	0	0	0	0
1888-0354	0	0	0	0	0	0	0	0	0	0
1888-0355	0	0	0	0	0	0	0	0	0	0
1888-0356	0	0	0	0	0	0	0	0	0	0
1888-0357	0	0	0	0	0	0	0	0	0	0
1888-0358	0	0	0	0	0	0	0	0	0	0
1888-0359	0	0	0	0	0	0	0	0	0	0
1888-0360	0	0	0	0	0	0	0	0	0	0
1888-0361	0	0	0	0	0	0	0	0	0	0
1888-0362	0	0	0	0	0	0	0	0	0	0
1888-0363	0	0	0	0	0	0	0	0	0	0
1888-0364	0	0	0	0	0	0	0	0	0	0
1888-0365	0	0	0	0	0	0	0	0	0	0
1888-0366	0	0	0	0	0	0	0	0	0	0
1888-0367	0	0	0	0	0	0	0	0	0	0
1889-0058	0	0	0	0	0	0	0	0	0	0
1889-0059	0	0	0	0	0	0	0	0	0	0
1889-0060	1	0	0	0	0	0	0	0	0	1
1889-0061	0	0	0	0	0	0	0	0	0	0
1889-0062	0	1	0	0	0	0	0	0	0	1
1889-0063	0	0	0	0	0	0	0	0	0	0
1889-0064	0	0	0	0	0	0	0	0	0	0
1889-0065	0	0	0	0	0	0	0	0	0	0
1889-0066	0	0	0	0	0	0	0	0	0	0
1889-0067	0	0	0	0	0	0	0	0	0	0
1889-0068	0	0	0	0	0	0	0	0	0	0
1889-0069	0	1	0	0	0	0	0	0	0	1
1889-0070	0	0	0	0	0	0	0	0	0	0
1889-0071	0	1	0	0	0	0	0	0	0	1
1889-0072	0	0	0	0	0	0	0	0	0	0
1889-0073	0	0	0	0	0	0	0	0	0	0
1889-0074	0	0	0	0	0	0	0	0	0	0
1889-0075	0	0	0	0	0	0	0	0	0	0
1889-0076	0	0	0	0	0	0	0	0	0	0
1889-0077	0	0	0	0	0	0	0	0	0	0
1889-0078	0	0	0	0	0	0	0	0	0	0
1889-0079	0	0	0	0	0	0	0	0	0	0
1889-0080	0	0	0	0	0	0	0	0	0	0
1889-0081	0	1	0	0	0	0	0	0	0	1
1889-0082	0	0	0	0	0	0	0	0	0	0
1889-0083	0	0	0	0	0	0	0	0	0	0
1889-0084	0	0	0	0	0	0	0	0	0	0
1889-0085	0	0	0	0	0	0	0	0	0	0
1889-0086	0	0	0	0	0	0	0	0	0	0
1889-0087	1	0	0	0	0	0	0	0	0	1
1889-0088	0	0	0	0	0	0	0	0	0	0
1889-0092	0	1	0	0	0	0	0	0	0	1
1889-0093	1	2	0	0	0	0	0	0	0	3
1889-0094	0	1	0	0	0	0	0	0	0	1
1889-0238	0	0	0	0	0	0	0	0	0	0
1889-0239	0	0	0	0	0	0	0	0	0	0
1889-0240	0	0	0	0	0	0	0	0	0	0
1889-0241	0	0	0	0	0	0	0	0	0	0
1889-0242	0	0	0	0	0	0	0	0	0	0
1889-0243	0	0	0	0	0	0	0	0	0	0
1889-0244	0	0	0	0	0	0	0	0	0	0
1889-0245	0	0	0	0	0	0	0	0	0	0
1889-0246	0	0	0	0	0	0	0	0	0	0
1889-0247	0	0	0	0	0	0	0	0	0	0
1889-0248	0	0	0	0	0	0	0	0	0	0
1889-0249	0	0	0	0	0	0	0	0	0	0
1889-0250	0	0	0	0	0	0	0	0	0	0
1889-0251	0	0	0	0	0	0	0	0	0	0
1889-0252	0	0	0	0	0	0	0	0	0	0
1889-0253	0	0	0	0	0	0	0	0	0	0
1889-0254	0	0	0	0	0	0	0	0	0	0
1889-0255	0	0	0	0	0	0	0	0	0	0
1889-0256	0	0	0	0	0	0	0	0	0	0
1889-0257	0	0	0	0	0	0	0	0	0	0
1889-0258	0	0	0	0	0	0	0	0	0	0
1889-0259	0	0	0	0	0	0	0	0	0	0
1889-0260	0	0	0	0	0	0	0	0	0	0
1889-0261	0	0	0	0	0	0	0	0	0	0
1889-0262	0	0	0	0	0	0	0	0	0	0
1889-0263	0	0	0	0	0	0	0	0	0	0
1889-0264	0	0	0	0	0	0	0	0	0	0
1889-0265	0	0	0	0	0	0	0	0	0	0
1889-0266	0	0	0	0	0	0	0	0	0	0
1889-0267	0	0	0	0	0	0	0	0	0	0
1889-0268	0	0	0	0	0	0	0	0	0	0
1889-0269	0	0	0	0	0	0	0	0	0	0
1889-0270	0	0	0	0	0	0	0	0	0	0
1889-0271	0	0	0	0	0	0	0	0	0	0
1889-0272	0	0	0	0	0	0	0	0	0	0
1889-0273	0	0	0	0	0	0	0	0	0	0
1889-0274	0	0	0	0	0	0	0	0	0	0
1889-0275	0	0	0	0	0	0	0	0	0	0
1889-0276	0	0	0	0	0	0	0	0	0	0
1889-0277	0	0	0	0	0	0	0	0	0	0
1889-0278	0	0	0	0	0	0	0	0	0	0
1889-0279	0	0	0	0	0	0	0	0	0	0
1889-0280	0	0	0	0	0	0	0	0	0	0
1889-0281	0	0	0	0	0	0	0	0	0	0
1889-0282	0	0	0	0	0	0	0	0	0	0
1889-0283	0	0	0	0	0	0	0	0	0	0
1889-0284	0	0	0	0	0	0	0	0	0	0
1889-0285	0	0	0	0	0	0	0	0	0	0
1889-0286	0	0	0	0	0	0	0	0	0	0
1889-0287	0	0	0	0	0	0	0	0	0	0
1889-0288	0	0	0	0	0	0	0	0	0	0
1889-0289	0	0	0	0	0	0	0	0	0	0
1889-0290	0	0	0	0	0	0	0	0	0	0
1889-0291	0	0	0	0	0	0	0	0	0	0
1889-0292	0	0	0	0	0	0	0	0	0	0
1889-0293	0	0	0	0	0	0	0	0	0	0
1889-0294	0	0	0	0	0	0	0	0	0	0
1889-0295	0	0	0	0	0	0	0	0	0	0
1889-0296	0	0	0	0	0	0	0	0	0	0
1889-0297	0	0	0	0	0	0	0	0	0	0
1889-0298	0	0	0	0	0	0	0	0	0	0
1889-0299	0	0	0	0	0	0	0	0	0	0
1889-0300	0	0	0	0	0	0	0	0	0	0
1889-0301	0	0	0	0	0	0	0	0	0	0
1889-0302	0	0	0	0	0	0	0	0	0	0
1889-0303	0	0	0	0	0	0	0	0	0	0
1889-0304	0	0	0	0	0	0	0	0	0	0
1889-0305	0	0	0	0	0	0	0	0	0	0
1889-0306	0	0	0	0	0	0	0	0	0	0
1889-0307	0	0	0	0	0	0	0	0	0	0
1889-0308	0	0	0	0	0	0	0	0	0	0
1889-0309	0	0	0	0	0	0	0	0	0	0
1889-0310	0	0	0	0	0	0	0	0	0	0
1889-0311	0	0	0	0	0	0	0	0	0	0
1889-0312	0	0	0	0	0	0	0	0	0	0
1889-0313	0	0	0	0	0	0	0	0	0	0
1889-0314	0	0	0	0	0	0	0	0	0	0
1889-0315	0	0	0	0	0	0	0	0	0	0
1889-0316	0	0	0	0	0	0	0	0	0	0
1889-0317	0	0	0	0	0	0	0	0	0	0
1889-0318	0	0	0	0	0	0	0	0	0	0
1889-0319	0	0	0	0	0	0	0	0	0	0
1889-0320	0	0	0	0	0	0	0	0	0	0
1889-0321	0	0	0	0	0	0	0	0	0	0
1889-0322	0	0	0	0	0	0	0	0	0	0
1889-0323	0	0	0	0	0	0	0	0	0	0
1889-0324	0	0	0	0	0	0	0	0	0	0
1889-0325	0	0	0	0	0	0	0	0	0	0
1889-0326	0	0	0	0	0	0	0	0	0	0
1889-0327	0	0	0	0	0	0	0	0	0	0
1889-0328	0	0	0	0	0	0	0	0	0	0
1889-0329	0	0	0	0	0	0	0	0	0	0
1889-0330	0	0	0	0	0	0	0	0	0	0
1889-0331	0	0	0	0	0	0	0	0	0	0
1889-0332	0	0	0	0	0	0	0	0	0	0
1889-0333	0	0	0	0	0	0	0	0	0	0
1889-0334	0	0	0	0	0	0	0	0	0	0
1889-0335	0	0	0	0	0	0	0	0	0	0
1889-0336	0	0	0	0	0	0	0	0	0	0
1889-0337	0	0	0	0	0	0	0	0	0	0
1889-0338	0	0	0	0	0	0	0	0	0	0
1889-0339	0	0	0	0	0	0	0	0	0	0
1889-0340	0	0	0	0	0	0	0	0	0	0
1889-0341	0	0	0	0	0	0	0	0	0	0
1889-0342	0	0	0	0	0	0	0	0	0	0
1889-0343	0	0	0	0	0	0	0	0	0	0
1889-0344	0	0	0	0	0	0	0	0	0	0
1889-0345	0	0	0	0	0	0	0	0	0	0
1889-0346	0	0	0	0	0	0	0	0	0	0
1889-0347	0	0	0	0	0	0	0	0	0	0
1889-0348	0	0	0	0	0	0	0	0	0	0
1889-0349	0	0	0	0	0	0	0	0	0	0
1889-0350	0	0	0	0	0	0	0	0	0	0
1889-0351	0	0	0	0	0	0	0	0	0	0
1889-0352	0	0	0	0	0	0	0	0	0	0
1889-0353	0	0	0	0	0	0	0	0	0	0
1889-0354	0	0	0	0	0	0	0	0	0	0
1889-0355	0	0	0	0	0	0	0	0	0	0
1889-0356	0	0	0	0	0	0	0	0	0	0
1889-0357	0	0	0	0	0	0	0	0	0	0
1889-0358	0	0	0	0	0	0	0	0	0	0
1889-0359	0	0	0	0	0	0	0	0	0	0
1889-0360	0	0	0	0	0	0	0	0	0	0
1889-0361	0	0	0	0	0	0	0	0	0	0
1889-0362	0	0	0	0	0	0	0	0	0	0
1889-0368	0	0	0	0	0	0	0	0	0	0
1889-0369	0	0	0	0	0	0	0	0	0	0
1889-0370	0	0	0	0	0	0	0	0	0	0
1889-0371	0	0	0	0	0	0	0	0	0	0
1889-0372	0	0	0	0	0	0	0	0	0	0
1889-0373	0	0	0	0	0	0	0	0	0	0
1889-0374	0	0	0	0	0	0	0	0	0	0
1889-0375	0	0	0	0	0	0	0	0	0	0
1889-0376	0	0	0	0	0	0	0	0	0	0
1889-0377	0	0	0	0	0	0	0	0	0	0
1889-0378	0	0	0	0	0	0	0	0	0	0
1889-0379	0	0	0	0	0	0	0	0	0	0
1889-0380	0	0	0	0	0	0	0	0	0	0
1889-0381	0	0	0	0	0	0	0	0	0	0
1889-0382	0	0	0	0	0	0	0	0	0	0
1889-0383	0	0	0	0	0	0	0	0	0	0
1889-0384	0	0	0	0	0	0	0	0	0	0
1889-0385	0	0	0	0	0	0	0	0	0	0
1889-0386	0	0	0	0	0	0	0	0	0	0
1889-0387	0	0	0	0	0	0	0	0	0	0
1889-0388	0	0	0	0	0	0	0	0	0	0
1889-0389	0	0	0	0	0	0	0	0	0	0
1889-0390	0	0	0	0	0	0	0	0	0	0
1889-0391	0	0	0	0	0	0	0	0	0	0
1889-0392	0	0	0	0	0	0	0	0	0	0
1889-0393	0	0	0	0	0	0	0	0	0	0
1889-0394	0	0	0	0	0	0	0	0	0	0
1889-0395	0	0	0	0	0	0	0	0	0	0
1890-0061	0	0	0	0	0	0	0	0	0	0
1890-0062	0	0	0	0	0	0	0	0	0	0
1890-0063	1	0	0	0	0	0	0	0	0	1
1890-0064	0	0	0	0	0	0	0	0	0	0
1890-0065	0	1	0	0	0	0	0	0	0	1
1890-0066	0	0	0	0	0	0	0	0	0	0
1890-0067	1	0	0	0	0	0	0	0	0	1
1890-0068	0	0	0	0	0	0	0	0	0	0
1890-0069	0	0	0	0	0	0	0	0	0	0
1890-0070	0	0	0	0	0	0	0	0	0	0
1890-0071	0	0	0	0	0	0	0	0	0	0
1890-0072	0	1	0	0	0	0	0	0	0	1
1890-0073	0	0	0	0	0	0	0	0	0	0
1890-0074	0	1	0	0	0	0	0	0	0	1
1890-0075	0	0	0	0	0	0	0	0	0	0
1890-0076	0	0	0	0	0	0	0	0	0	0
1890-0077	0	0	0	0	0	0	0	0	0	0
1890-0078	0	0	0	0	0	0	0	0	0	0
1890-0079	0	0	0	0	0	0	0	0	0	0
1890-0080	0	0	0	0	0	0	0	0	0	0
1890-0081	0	0	0	0	0	0	0	0	0	0
1890-0082	0	0	0	0	0	0	0	0	0	0
1890-0083	0	0	0	0	0	0	0	0	0	0
1890-0084	0	1	0	0	0	0	0	0	0	1
1890-0085	0	0	0	0	0	0	0	0	0	0
1890-0086	0	0	0	0	0	0	0	0	0	0
1890-0087	0	0	0	0	0	0	0	0	0	0
1890-0088	0	0	0	0	0	0	0	0	0	0
1890-0089	0	0	0	0	0	0	0	0	0	0
1890-0090	1	0	0	0	0	0	0	0	0	1
1890-0091	0	0	0	0	0	0	0	0	0	0
1890-0096	1	3	0	0	0	0	0	0	0	4
1890-0097	0	0	0	0	0	0	0	0	0	0
1890-0098	0	0	0	0	0	0	0	0	0	0
1890-0241	0	0	0	0	0	0	0	0	0	0
1890-0242	0	0	0	0	0	0	0	0	0	0
1890-0243	0	0	0	0	0	0	0	0	0	0
1890-0244	0	0	0	0	0	0	0	0	0	0
1890-0245	0	0	0	0	0	0	0	0	0	0
1890-0246	0	0	0	0	0	0	0	0	0	0
1890-0247	0	0	0	0	0	0	0	0	0	0
1890-0248	0	0	0	0	0	0	0	0	0	0
1890-0249	0	0	0	0	0	0	0	0	0	0
1890-0250	0	0	0	0	0	0	0	0	0	0
1890-0251	0	0	0	0	0	0	0	0	0	0
1890-0252	0	0	0	0	0	0	0	0	0	0
1890-0253	0	0	0	0	0	0	0	0	0	0
1890-0254	0	0	0	0	0	0	0	0	0	0
1890-0255	0	0	0	0	0	0	0	0	0	0
1890-0256	0	0	0	0	0	0	0	0	0	0
1890-0257	0	0	0	0	0	0	0	0	0	0
1890-0258	0	0	0	0	0	0	0	0	0	0
1890-0259	0	0	0	0	0	0	0	0	0	0
1890-0260	0	0	0	0	0	0	0	0	0	0
1890-0261	0	0	0	0	0	0	0	0	0	0
1890-0262	0	0	0	0	0	0	0	0	0	0
1890-0263	0	0	0	0	0	0	0	0	0	0
1890-0264	0	0	0	0	0	0	0	0	0	0
1890-0265	0	0	0	0	0	0	0	0	0	0
1890-0266	0	0	0	0	0	0	0	0	0	0
1890-0267	0	0	0	0	0	0	0	0	0	0
1890-0268	0	0	0	0	0	0	0	0	0	0
1890-0269	0	0	0	0	0	0	0	0	0	0
1890-0270	0	0	0	0	0	0	0	0	0	0
1890-0271	0	0	0	0	0	0	0	0	0	0
1890-0272	0	0	0	0	0	0	0	0	0	0
1890-0273	0	0	0	0	0	0	0	0	0	0
1890-0274	0	0	0	0	0	0	0	0	0	0
1890-0275	0	0	0	0	0	0	0	0	0	0
1890-0276	0	0	0	0	0	0	0	0	0	0
1890-0277	0	0	0	0	0	0	0	0	0	0
1890-0278	0	0	0	0	0	0	0	0	0	0
1890-0279	0	0	0	0	0	0	0	0	0	0
1890-0280	0	0	0	0	0	0	0	0	0	0
1890-0281	0	0	0	0	0	0	0	0	0	0
1890-0282	0	0	0	0	0	0	0	0	0	0
1890-0283	0	0	0	0	0	0	0	0	0	0
1890-0284	0	0	0	0	0	0	0	0	0	0
1890-0285	0	0	0	0	0	0	0	0	0	0
1890-0286	0	0	0	0	0	0	0	0	0	0
1890-0287	0	0	0	0	0	0	0	0	0	0
1890-0288	0	0	0	0	0	0	0	0	0	0
1890-0289	0	0	0	0	0	0	0	0	0	0
1890-0290	0	0	0	0	0	0	0	0	0	0
1890-0291	0	0	0	0	0	0	0	0	0	0
1890-0292	0	0	0	0	0	0	0	0	0	0
1890-0293	0	0	0	0	0	0	0	0	0	0
1890-0294	0	0	0	0	0	0	0	0	0	0
1890-0295	0	0	0	0	0	0	0	0	0	0
1890-0296	0	0	0	0	0	0	0	0	0	0
1890-0297	0	0	0	0	0	0	0	0	0	0
1890-0298	0	0	0	0	0	0	0	0	0	0
1890-0299	0	0	0	0	0	0	0	0	0	0
1890-0300	0	0	0	0	0	0	0	0	0	0
1890-0301	0	0	0	0	0	0	0	0	0	0
1890-0302	0	0	0	0	0	0	0	0	0	0
1890-0303	0	0	0	0	0	0	0	0	0	0
1890-0304	0	0	0	0	0	0	0	0	0	0
1890-0305	0	0	0	0	0	0	0	0	0	0
1890-0306	0	0	0	0	0	0	0	0	0	0
1890-0307	0	0	0	0	0	0	0	0	0	0
1890-0308	0	0	0	0	0	0	0	0	0	0
1890-0309	0	0	0	0	0	0	0	0	0	0
1890-0310	0	0	0	0	0	0	0	0	0	0
1890-0311	0	0	0	0	0	0	0	0	0	0
1890-0312	0	0	0	0	0	0	0	0	0	0
1890-0313	0	0	0	0	0	0	0	0	0	0
1890-0314	0	0	0	0	0	0	0	0	0	0
1890-0315	0	0	0	0	0	0	0	0	0	0
1890-0316	0	0	0	0	0	0	0	0	0	0
1890-0317	0	0	0	0	0	0	0	0	0	0
1890-0318	0	0	0	0	0	0	0	0	0	0
1890-0319	0	0	0	0	0	0	0	0	0	0
1890-0320	0	0	0	0	0	0	0	0	0	0
1890-0321	0	0	0	0	0	0	0	0	0	0
1890-0322	0	0	0	0	0	0	0	0	0	0
1890-0323	0	0	0	0	0	0	0	0	0	0
1890-0324	0	0	0	0	0	0	0	0	0	0
1890-0325	0	0	0	0	0	0	0	0	0	0
1890-0326	0	0	0	0	0	0	0	0	0	0
1890-0327	0	0	0	0	0	0	0	0	0	0
1890-0328	0	0	0	0	0	0	0	0	0	0
1890-0329	0	0	0	0	0	0	0	0	0	0
1890-0330	0	0	0	0	0	0	0	0	0	0
1890-0331	0	0	0	0	0	0	0	0	0	0
1890-0332	0	0	0	0	0	0	0	0	0	0
1890-0333	0	0	0	0	0	0	0	0	0	0
1890-0334	0	0	0	0	0	0	0	0	0	0
1890-0335	0	0	0	0	0	0	0	0	0	0
1890-0336	0	0	0	0	0	0	0	0	0	0
1890-0337	0	0	0	0	0	0	0	0	0	0
1890-0338	0	0	0	0	0	0	0	0	0	0
1890-0339	0	0	0	0	0	0	0	0	0	0
1890-0340	0	0	0	0	0	0	0	0	0	0
1890-0341	0	0	0	0	0	0	0	0	0	0
1890-0342	0	0	0	0	0	0	0	0	0	0
1890-0343	0	0	0	0	0	0	0	0	0	0
1890-0344	0	0	0	0	0	0	0	0	0	0
1890-0345	0	0	0	0	0	0	0	0	0	0
1890-0346	0	0	0	0	0	0	0	0	0	0
1890-0347	0	0	0	0	0	0	0	0	0	0
1890-0348	0	0	0	0	0	0	0	0	0	0
1890-0349	0	0	0	0	0	0	0	0	0	0
1890-0350	0	0	0	0	0	0	0	0	0	0
1890-0351	0	0	0	0	0	0	0	0	0	0
1890-0352	0	0	0	0	0	0	0	0	0	0
1890-0353	0	0	0	0	0	0	0	0	0	0
1890-0354	0	0	0	0	0	0	0	0	0	0
1890-0355	0	0	0	0	0	0	0	0	0	0
1890-0356	0	0	0	0	0	0	0	0	0	0
1890-0357	0	0	0	0	0	0	0	0	0	0
1890-0358	0	0	0	0	0	0	0	0	0	0
1890-0359	0	0	0	0	0	0	0	0	0	0
1890-0360	0	0	0	0	0	0	0	0	0	0
1890-0361	0	0	0	0	0	0	0	0	0	0
1890-0362	0	0	0	0	0	0	0	0	0	0
1890-0371	0	0	0	0	0	0	0	0	0	0
1890-0372	0	0	0	0	0	0	0	0	0	0
1890-0373	0	0	0	0	0	0	0	0	0	0
1890-0374	0	0	0	0	0	0	0	0	0	0
1890-0375	0	0	0	0	0	0	0	0	0	0
1890-0376	0	0	0	0	0	0	0	0	0	0
1890-0377	0	0	0	0	0	0	0	0	0	0
1890-0378	0	0	0	0	0	0	0	0	0	0
1890-0379	0	0	0	0	0	0	0	0	0	0
1890-0380	0	0	0	0	0	0	0	0	0	0
1890-0381	0	0	0	0	0	0	0	0	0	0
1890-0382	0	0	0	0	0	0	0	0	0	0
1890-0383	0	0	0	0	0	0	0	0	0	0
1890-0384	0	0	0	0	0	0	0	0	0	0
1890-0385	0	0	0	0	0	0	0	0	0	0
1890-0386	0	0	0	0	0	0	0	0	0	0
1890-0387	0	0	0	0	0	0	0	0	0	0
1890-0388	0	0	0	0	0	0	0	0	0	0
1890-0389	0	0	0	0	0	0	0	0	0	0
1890-0390	0	0	0	0	0	0	0	0	0	0
1890-0391	0	0	0	0	0	0	0	0	0	0
1890-0392	0	0	0	0	0	0	0	0	0	0
1890-0393	0	0	0	0	0	0	0	0	0	0
1890-0394	0	0	0	0	0	0	0	0	0	0
1890-0395	0	0	0	0	0	0	0	0	0	0
1890-0396	0	0	0	0	0	0	0	0	0	0
1890-0397	0	0	0	0	0	0	0	0	0	0
1891-0063	0	0	0	0	0	0	0	0	0	0
1891-0064	1	0	0	0	0	0	0	0	0	1
1891-0065	0	0	0	0	0	0	0	0	0	0
1891-0066	0	1	0	0	0	0	0	0	0	1
1891-0067	0	0	0	0	0	0	0	0	0	0
1891-0068	1	0	0	0	0	0	0	0	0	1
1891-0069	0	1	0	0	0	0	0	0	0	1
1891-0070	0	0	0	0	0	0	0	0	0	0
1891-0071	0	0	0	0	0	0	0	0	0	0
1891-0072	0	0	0	0	0	0	0	0	0	0
1891-0073	0	0	0	0	0	0	0	0	0	0
1891-0074	0	1	0	0	0	0	0	0	0	1
1891-0075	0	1	0	0	0	0	0	0	0	1
1891-0076	0	1	0	0	0	0	0	0	0	1
1891-0077	0	0	0	0	0	0	0	0	0	0
1891-0078	0	0	0	0	0	0	0	0	0	0
1891-0079	0	0	0	0	0	0	0	0	0	0
1891-0080	0	0	0	0	0	0	0	0	0	0
1891-0081	0	0	0	0	0	0	0	0	0	0
1891-0082	0	0	0	0	0	0	0	0	0	0
1891-0083	0	0	0	0	0	0	0	0	0	0
1891-0084	0	0	0	0	0	0	0	0	0	0
1891-0085	0	0	0	0	0	0	0	0	0	0
1891-0086	0	1	0	0	0	0	0	0	0	1
1891-0087	0	0	0	0	0	0	0	0	0	0
1891-0088	0	0	0	0	0	0	0	0	0	0
1891-0089	0	0	0	0	0	0	0	0	0	0
1891-0090	0	0	0	0	0	0	0	0	0	0
1891-0091	0	0	0	0	0	0	0	0	0	0
1891-0092	0	0	0	0	0	0	0	0	0	0
1891-0093	1	0	0	0	0	0	0	0	0	1
1891-0096	0	1	0	0	0	0	0	0	0	1
1891-0097	1	3	0	0	0	0	0	0	0	4
1891-0098	0	0	0	0	0	0	0	0	0	0
1891-0245	0	0	0	0	0	0	0	0	0	0
1891-0246	0	0	0	0	0	0	0	0	0	0
1891-0247	0	0	0	0	0	0	0	0	0	0
1891-0248	0	0	0	0	0	0	0	0	0	0
1891-0249	0	0	0	0	0	0	0	0	0	0
1891-0250	0	0	0	0	0	0	0	0	0	0
1891-0251	0	0	0	0	0	0	0	0	0	0
1891-0252	0	0	0	0	0	0	0	0	0	0
1891-0253	0	0	0	0	0	0	0	0	0	0
1891-0254	0	0	0	0	0	0	0	0	0	0
1891-0255	0	0	0	0	0	0	0	0	0	0
1891-0256	0	0	0	0	0	0	0	0	0	0
1891-0257	0	0	0	0	0	0	0	0	0	0
1891-0258	0	0	0	0	0	0	0	0	0	0
1891-0259	0	0	0	0	0	0	0	0	0	0
1891-0260	0	0	0	0	0	0	0	0	0	0
1891-0261	0	0	0	0	0	0	0	0	0	0
1891-0262	0	0	0	0	0	0	0	0	0	0
1891-0263	0	0	0	0	0	0	0	0	0	0
1891-0264	0	0	0	0	0	0	0	0	0	0
1891-0265	0	0	0	0	0	0	0	0	0	0
1891-0266	0	0	0	0	0	0	0	0	0	0
1891-0267	0	0	0	0	0	0	0	0	0	0
1891-0268	0	0	0	0	0	0	0	0	0	0
1891-0269	0	0	0	0	0	0	0	0	0	0
1891-0270	0	0	0	0	0	0	0	0	0	0
1891-0271	0	0	0	0	0	0	0	0	0	0
1891-0272	0	0	0	0	0	0	0	0	0	0
1891-0273	0	0	0	0	0	0	0	0	0	0
1891-0274	0	0	0	0	0	0	0	0	0	0
1891-0275	0	0	0	0	0	0	0	0	0	0
1891-0276	0	0	0	0	0	0	0	0	0	0
1891-0277	0	0	0	0	0	0	0	0	0	0
1891-0278	0	0	0	0	0	0	0	0	0	0
1891-0279	0	0	0	0	0	0	0	0	0	0
1891-0280	0	0	0	0	0	0	0	0	0	0
1891-0281	0	0	0	0	0	0	0	0	0	0
1891-0282	0	0	0	0	0	0	0	0	0	0
1891-0283	0	0	0	0	0	0	0	0	0	0
1891-0284	0	0	0	0	0	0	0	0	0	0
1891-0285	0	0	0	0	0	0	0	0	0	0
1891-0286	0	0	0	0	0	0	0	0	0	0
1891-0287	0	0	0	0	0	0	0	0	0	0
1891-0288	0	0	0	0	0	0	0	0	0	0
1891-0289	0	0	0	0	0	0	0	0	0	0
1891-0290	0	0	0	0	0	0	0	0	0	0
1891-0291	0	0	0	0	0	0	0	0	0	0
1891-0292	0	0	0	0	0	0	0	0	0	0
1891-0293	0	0	0	0	0	0	0	0	0	0
1891-0294	0	0	0	0	0	0	0	0	0	0
1891-0295	0	0	0	0	0	0	0	0	0	0
1891-0296	0	0	0	0	0	0	0	0	0	0
1891-0297	0	0	0	0	0	0	0	0	0	0
1891-0298	0	0	0	0	0	0	0	0	0	0
1891-0299	0	0	0	0	0	0	0	0	0	0
1891-0300	0	0	0	0	0	0	0	0	0	0
1891-0301	0	0	0	0	0	0	0	0	0	0
1891-0302	0	0	0	0	0	0	0	0	0	0
1891-0303	0	0	0	0	0	0	0	0	0	0
1891-0304	0	0	0	0	0	0	0	0	0	0
1891-0305	0	0	0	0	0	0	0	0	0	0
1891-0306	0	0	0	0	0	0	0	0	0	0
1891-0307	0	0	0	0	0	0	0	0	0	0
1891-0308	0	0	0	0	0	0	0	0	0	0
1891-0309	0	0	0	0	0	0	0	0	0	0
1891-0310	0	0	0	0	0	0	0	0	0	0
1891-0311	0	0	0	0	0	0	0	0	0	0
1891-0312	0	0	0	0	0	0	0	0	0	0
1891-0313	0	0	0	0	0	0	0	0	0	0
1891-0314	0	0	0	0	0	0	0	0	0	0
1891-0315	0	0	0	0	0	0	0	0	0	0
1891-0316	0	0	0	0	0	0	0	0	0	0
1891-0317	0	0	0	0	0	0	0	0	0	0
1891-0318	0	0	0	0	0	0	0	0	0	0
1891-0319	0	0	0	0	0	0	0	0	0	0
1891-0320	0	0	0	0	0	0	0	0	0	0
1891-0321	0	0	0	0	0	0	0	0	0	0
1891-0322	0	0	0	0	0	0	0	0	0	0
1891-0323	0	0	0	0	0	0	0	0	0	0
1891-0324	0	0	0	0	0	0	0	0	0	0
1891-0325	0	0	0	0	0	0	0	0	0	0
1891-0326	0	0	0	0	0	0	0	0	0	0
1891-0327	0	0	0	0	0	0	0	0	0	0
1891-0328	0	0	0	0	0	0	0	0	0	0
1891-0329	0	0	0	0	0	0	0	0	0	0
1891-0330	0	0	0	0	0	0	0	0	0	0
1891-0331	0	0	0	0	0	0	0	0	0	0
1891-0332	0	0	0	0	0	0	0	0	0	0
1891-0333	0	0	0	0	0	0	0	0	0	0
1891-0334	0	0	0	0	0	0	0	0	0	0
1891-0335	0	0	0	0	0	0	0	0	0	0
1891-0336	0	0	0	0	0	0	0	0	0	0
1891-0337	0	0	0	0	0	0	0	0	0	0
1891-0338	0	0	0	0	0	0	0	0	0	0
1891-0339	0	0	0	0	0	0	0	0	0	0
1891-0340	0	0	0	0	0	0	0	0	0	0
1891-0341	0	0	0	0	0	0	0	0	0	0
1891-0342	0	0	0	0	0	0	0	0	0	0
1891-0343	0	0	0	0	0	0	0	0	0	0
1891-0344	0	0	0	0	0	0	0	0	0	0
1891-0345	0	0	0	0	0	0	0	0	0	0
1891-0346	0	0	0	0	0	0	0	0	0	0
1891-0347	0	0	0	0	0	0	0	0	0	0
1891-0348	0	0	0	0	0	0	0	0	0	0
1891-0349	0	0	0	0	0	0	0	0	0	0
1891-0350	0	0	0	0	0	0	0	0	0	0
1891-0351	0	0	0	0	0	0	0	0	0	0
1891-0352	0	0	0	0	0	0	0	0	0	0
1891-0353	0	0	0	0	0	0	0	0	0	0
1891-0354	0	0	0	0	0	0	0	0	0	0
1891-0355	0	0	0	0	0	0	0	0	0	0
1891-0356	0	0	0	0	0	0	0	0	0	0
1891-0357	0	0	0	0	0	0	0	0	0	0
1891-0358	0	0	0	0	0	0	0	0	0	0
1891-0359	0	0	0	0	0	0	0	0	0	0
1891-0360	0	0	0	0	0	0	0	0	0	0
1891-0361	0	0	0	0	0	0	0	0	0	0
1891-0362	0	0	0	0	0	0	0	0	0	0
1891-0363	0	0	0	0	0	0	0	0	0	0
1891-0364	0	0	0	0	0	0	0	0	0	0
1891-0365	0	0	0	0	0	0	0	0	0	0
1891-0366	0	0	0	0	0	0	0	0	0	0
1891-0375	0	0	0	0	0	0	0	0	0	0
1891-0376	0	0	0	0	0	0	0	0	0	0
1891-0377	0	0	0	0	0	0	0	0	0	0
1891-0378	0	0	0	0	0	0	0	0	0	0
1891-0379	0	0	0	0	0	0	0	0	0	0
1891-0380	0	0	0	0	0	0	0	0	0	0
1891-0381	0	0	0	0	0	0	0	0	0	0
1891-0382	0	0	0	0	0	0	0	0	0	0
1891-0383	0	0	0	0	0	0	0	0	0	0
1891-0384	0	0	0	0	0	0	0	0	0	0
1891-0385	0	0	0	0	0	0	0	0	0	0
1891-0386	0	0	0	0	0	0	0	0	0	0
1891-0387	0	0	0	0	0	0	0	0	0	0
1891-0388	0	0	0	0	0	0	0	0	0	0
1891-0389	0	0	0	0	0	0	0	0	0	0
1891-0390	0	0	0	0	0	0	0	0	0	0
1891-0391	0	0	0	0	0	0	0	0	0	0
1891-0392	0	0	0	0	0	0	0	0	0	0
1891-0393	0	0	0	0	0	0	0	0	0	0
1891-0394	0	0	0	0	0	0	0	0	0	0
1891-0395	0	0	0	0	0	0	0	0	0	0
1891-0396	0	0	0	0	0	0	0	0	0	0
1891-0397	0	0	0	0	0	0	0	0	0	0
1891-0398	0	0	0	0	0	0	0	0	0	0
1891-0399	0	0	0	0	0	0	0	0	0	0
1891-0400	0	0	0	0	0	0	0	0	0	0
1891-0401	0	0	0	0	0	0	0	0	0	0
1892-0062	0	0	0	0	0	0	0	0	0	0
1892-0063	0	0	0	0	0	0	0	0	0	0
1892-0064	1	1	0	0	0	0	0	0	0	2
1892-0065	0	0	0	0	0	0	0	0	0	0
1892-0066	0	1	0	0	0	0	0	0	0	1
1892-0067	0	0	0	0	0	0	0	0	0	0
1892-0068	1	0	0	0	0	0	0	0	0	1
1892-0069	0	1	0	0	0	0	0	0	0	1
1892-0070	0	0	0	0	0	0	0	0	0	0
1892-0071	0	0	0	0	0	0	0	0	0	0
1892-0072	0	0	0	0	0	0	0	0	0	0
1892-0073	0	0	0	0	0	0	0	0	0	0
1892-0074	0	1	0	0	0	0	0	0	0	1
1892-0075	0	1	0	0	0	0	0	0	0	1
1892-0076	0	1	0	0	0	0	0	0	0	1
1892-0077	0	0	0	0	0	0	0	0	0	0
1892-0078	0	0	0	0	0	0	0	0	0	0
1892-0079	0	0	0	0	0	0	0	0	0	0
1892-0080	0	0	0	0	0	0	0	0	0	0
1892-0081	0	0	0	0	0	0	0	0	0	0
1892-0082	0	0	0	0	0	0	0	0	0	0
1892-0083	0	0	0	0	0	0	0	0	0	0
1892-0084	0	0	0	0	0	0	0	0	0	0
1892-0085	0	0	0	0	0	0	0	0	0	0
1892-0086	0	1	0	0	0	0	0	0	0	1
1892-0087	0	1	0	0	0	0	0	0	0	1
1892-0088	0	0	0	0	0	0	0	0	0	0
1892-0089	0	0	0	0	0	0	0	0	0	0
1892-0090	0	0	0	0	0	0	0	0	0	0
1892-0091	0	0	0	0	0	0	0	0	0	0
1892-0092	0	0	0	0	0	0	0	0	0	0
1892-0093	1	0	0	0	0	0	0	0	0	1
1892-0096	0	1	0	0	0	0	0	0	0	1
1892-0097	1	3	0	0	0	0	0	0	0	4
1892-0098	0	0	0	0	0	0	0	0	0	0
1892-0245	0	0	0	0	0	0	0	0	0	0
1892-0246	0	0	0	0	0	0	0	0	0	0
1892-0247	0	0	0	0	0	0	0	0	0	0
1892-0248	0	0	0	0	0	0	0	0	0	0
1892-0249	0	0	0	0	0	0	0	0	0	0
1892-0250	0	0	0	0	0	0	0	0	0	0
1892-0251	0	0	0	0	0	0	0	0	0	0
1892-0252	0	0	0	0	0	0	0	0	0	0
1892-0253	0	0	0	0	0	0	0	0	0	0
1892-0254	0	0	0	0	0	0	0	0	0	0
1892-0255	0	0	0	0	0	0	0	0	0	0
1892-0256	0	0	0	0	0	0	0	0	0	0
1892-0257	0	0	0	0	0	0	0	0	0	0
1892-0258	0	0	0	0	0	0	0	0	0	0
1892-0259	0	0	0	0	0	0	0	0	0	0
1892-0260	0	0	0	0	0	0	0	0	0	0
1892-0261	0	0	0	0	0	0	0	0	0	0
1892-0262	0	0	0	0	0	0	0	0	0	0
1892-0263	0	0	0	0	0	0	0	0	0	0
1892-0264	0	0	0	0	0	0	0	0	0	0
1892-0265	0	0	0	0	0	0	0	0	0	0
1892-0266	0	0	0	0	0	0	0	0	0	0
1892-0267	0	0	0	0	0	0	0	0	0	0
1892-0268	0	0	0	0	0	0	0	0	0	0
1892-0269	0	0	0	0	0	0	0	0	0	0
1892-0270	0	0	0	0	0	0	0	0	0	0
1892-0271	0	0	0	0	0	0	0	0	0	0
1892-0272	0	0	0	0	0	0	0	0	0	0
1892-0273	0	0	0	0	0	0	0	0	0	0
1892-0274	0	0	0	0	0	0	0	0	0	0
1892-0275	0	0	0	0	0	0	0	0	0	0
1892-0276	0	0	0	0	0	0	0	0	0	0
1892-0277	0	0	0	0	0	0	0	0	0	0
1892-0278	0	0	0	0	0	0	0	0	0	0
1892-0279	0	0	0	0	0	0	0	0	0	0
1892-0280	0	0	0	0	0	0	0	0	0	0
1892-0281	0	0	0	0	0	0	0	0	0	0
1892-0282	0	0	0	0	0	0	0	0	0	0
1892-0283	0	0	0	0	0	0	0	0	0	0
1892-0284	0	0	0	0	0	0	0	0	0	0
1892-0285	0	0	0	0	0	0	0	0	0	0
1892-0286	0	0	0	0	0	0	0	0	0	0
1892-0287	0	0	0	0	0	0	0	0	0	0
1892-0288	0	0	0	0	0	0	0	0	0	0
1892-0289	0	0	0	0	0	0	0	0	0	0
1892-0290	0	0	0	0	0	0	0	0	0	0
1892-0291	0	0	0	0	0	0	0	0	0	0
1892-0292	0	0	0	0	0	0	0	0	0	0
1892-0293	0	0	0	0	0	0	0	0	0	0
1892-0294	0	0	0	0	0	0	0	0	0	0
1892-0295	0	0	0	0	0	0	0	0	0	0
1892-0296	0	0	0	0	0	0	0	0	0	0
1892-0297	0	0	0	0	0	0	0	0	0	0
1892-0298	0	0	0	0	0	0	0	0	0	0
1892-0299	0	0	0	0	0	0	0	0	0	0
1892-0300	0	0	0	0	0	0	0	0	0	0
1892-0301	0	0	0	0	0	0	0	0	0	0
1892-0302	0	0	0	0	0	0	0	0	0	0
1892-0303	0	0	0	0	0	0	0	0	0	0
1892-0304	0	0	0	0	0	0	0	0	0	0
1892-0305	0	0	0	0	0	0	0	0	0	0
1892-0306	0	0	0	0	0	0	0	0	0	0
1892-0307	0	0	0	0	0	0	0	0	0	0
1892-0308	0	0	0	0	0	0	0	0	0	0
1892-0309	0	0	0	0	0	0	0	0	0	0
1892-0310	0	0	0	0	0	0	0	0	0	0
1892-0311	0	0	0	0	0	0	0	0	0	0
1892-0312	0	0	0	0	0	0	0	0	0	0
1892-0313	0	0	0	0	0	0	0	0	0	0
1892-0314	0	0	0	0	0	0	0	0	0	0
1892-0315	0	0	0	0	0	0	0	0	0	0
1892-0316	0	0	0	0	0	0	0	0	0	0
1892-0317	0	0	0	0	0	0	0	0	0	0
1892-0318	0	0	0	0	0	0	0	0	0	0
1892-0319	0	0	0	0	0	0	0	0	0	0
1892-0320	0	0	0	0	0	0	0	0	0	0
1892-0321	0	0	0	0	0	0	0	0	0	0
1892-0322	0	0	0	0	0	0	0	0	0	0
1892-0323	0	0	0	0	0	0	0	0	0	0
1892-0324	0	0	0	0	0	0	0	0	0	0
1892-0325	0	0	0	0	0	0	0	0	0	0
1892-0326	0	0	0	0	0	0	0	0	0	0
1892-0327	0	0	0	0	0	0	0	0	0	0
1892-0328	0	0	0	0	0	0	0	0	0	0
1892-0329	0	0	0	0	0	0	0	0	0	0
1892-0330	0	0	0	0	0	0	0	0	0	0
1892-0331	1	0	0	0	0	0	0	0	0	1
1892-0332	0	0	0	0	0	0	0	0	0	0
1892-0333	0	0	0	0	0	0	0	0	0	0
1892-0334	0	0	0	0	0	0	0	0	0	0
1892-0335	0	0	0	0	0	0	0	0	0	0
1892-0336	0	0	0	0	0	0	0	0	0	0
1892-0337	0	0	0	0	0	0	0	0	0	0
1892-0338	0	0	0	0	0	0	0	0	0	0
1892-0339	0	0	0	0	0	0	0	0	0	0
1892-0340	0	0	0	0	0	0	0	0	0	0
1892-0341	0	0	0	0	0	0	0	0	0	0
1892-0342	0	0	0	0	0	0	0	0	0	0
1892-0343	0	0	0	0	0	0	0	0	0	0
1892-0344	0	0	0	0	0	0	0	0	0	0
1892-0345	0	0	0	0	0	0	0	0	0	0
1892-0346	0	0	0	0	0	0	0	0	0	0
1892-0347	0	0	0	0	0	0	0	0	0	0
1892-0348	0	0	0	0	0	0	0	0	0	0
1892-0349	0	0	0	0	0	0	0	0	0	0
1892-0350	0	0	0	0	0	0	0	0	0	0
1892-0351	0	0	0	0	0	0	0	0	0	0
1892-0352	1	0	0	0	0	0	0	0	0	1
1892-0353	0	0	0	0	0	0	0	0	0	0
1892-0354	0	0	0	0	0	0	0	0	0	0
1892-0355	0	0	0	0	0	0	0	0	0	0
1892-0356	0	0	0	0	0	0	0	0	0	0
1892-0357	0	0	0	0	0	0	0	0	0	0
1892-0358	0	0	0	0	0	0	0	0	0	0
1892-0359	0	0	0	0	0	0	0	0	0	0
1892-0360	0	0	0	0	0	0	0	0	0	0
1892-0361	0	0	0	0	0	0	0	0	0	0
1892-0362	0	0	0	0	0	0	0	0	0	0
1892-0363	0	0	0	0	0	0	0	0	0	0
1892-0364	0	0	0	0	0	0	0	0	0	0
1892-0365	0	0	0	0	0	0	0	0	0	0
1892-0366	0	0	0	0	0	0	0	0	0	0
1892-0375	0	0	0	0	0	0	0	0	0	0
1892-0376	0	0	0	0	0	0	0	0	0	0
1892-0377	0	0	0	0	0	0	0	0	0	0
1892-0378	0	0	0	0	0	0	0	0	0	0
1892-0379	0	0	0	0	0	0	0	0	0	0
1892-0380	0	0	0	0	0	0	0	0	0	0
1892-0381	0	0	0	0	0	0	0	0	0	0
1892-0382	0	0	0	0	0	0	0	0	0	0
1892-0383	0	0	0	0	0	0	0	0	0	0
1892-0384	0	0	0	0	0	0	0	0	0	0
1892-0385	0	0	0	0	0	0	0	0	0	0
1892-0386	0	0	0	0	0	0	0	0	0	0
1892-0387	0	0	0	0	0	0	0	0	0	0
1892-0388	0	0	0	0	0	0	0	0	0	0
1892-0389	0	0	0	0	0	0	0	0	0	0
1892-0390	0	0	0	0	0	0	0	0	0	0
1892-0391	0	0	0	0	0	0	0	0	0	0
1892-0392	0	0	0	0	0	0	0	0	0	0
1892-0393	0	0	0	0	0	0	0	0	0	0
1892-0394	0	0	0	0	0	0	0	0	0	0
1892-0395	0	0	0	0	0	0	0	0	0	0
1892-0396	0	0	0	0	0	0	0	0	0	0
1892-0397	0	0	0	0	0	0	0	0	0	0
1892-0398	0	0	0	0	0	0	0	0	0	0
1892-0399	0	0	0	0	0	0	0	0	0	0
1892-0400	0	0	0	0	0	0	0	0	0	0
1892-0401	0	0	0	0	0	0	0	0	0	0
1893-0061	0	0	0	0	0	0	0	0	0	0
1893-0062	0	0	0	0	0	0	0	0	0	0
1893-0063	0	0	0	0	0	0	0	0	0	0
1893-0064	1	1	0	0	0	0	0	0	0	2
1893-0065	0	0	0	0	0	0	0	0	0	0
1893-0066	0	0	1	0	0	0	0	0	0	1
1893-0067	0	1	0	0	0	0	0	0	0	1
1893-0068	0	0	0	0	0	0	0	0	0	0
1893-0069	0	0	0	0	0	0	0	0	0	0
1893-0070	0	1	0	0	0	0	0	0	0	1
1893-0071	0	0	0	0	0	0	0	0	0	0
1893-0072	0	0	0	0	0	0	0	0	0	0
1893-0073	0	0	0	0	0	0	0	0	0	0
1893-0074	0	0	1	0	0	0	0	0	0	1
1893-0075	0	0	0	0	0	0	0	0	0	0
1893-0076	0	1	0	0	0	0	0	0	0	1
1893-0077	0	0	0	0	0	0	0	0	0	0
1893-0078	0	1	0	0	0	0	0	0	0	1
1893-0079	0	1	1	0	0	0	0	0	0	2
1893-0080	1	0	0	0	0	0	0	0	0	1
1893-0081	0	0	0	0	0	0	0	0	0	0
1893-0082	0	0	1	0	0	0	0	0	0	1
1893-0083	1	0	0	0	0	0	0	0	0	1
1893-0084	0	0	0	0	0	0	0	0	0	0
1893-0085	0	0	0	0	0	0	0	0	0	0
1893-0086	0	0	0	0	0	0	0	0	0	0
1893-0087	0	0	0	0	0	0	0	0	0	0
1893-0088	0	0	0	0	0	0	0	0	0	0
1893-0089	0	0	1	0	0	0	0	0	0	1
1893-0090	0	0	0	0	0	0	0	0	0	0
1893-0091	0	0	0	0	0	0	0	0	0	0
1893-0092	0	1	0	0	0	0	0	0	0	1
1893-0093	0	3	0	0	0	0	0	0	0	3
1893-0094	0	0	0	0	0	0	0	0	0	0
1893-0095	0	0	0	0	0	0	0	0	0	0
1893-0096	0	0	0	0	0	0	0	0	0	0
1893-0097	0	0	0	0	0	0	0	0	0	0
1893-0098	0	1	0	0	0	0	0	0	0	1
1893-0099	0	0	0	0	0	0	0	0	0	0
1893-0100	1	0	0	0	0	0	0	0	0	1
1893-0101	0	0	0	0	0	0	0	0	0	0
1893-0105	1	1	0	0	0	0	0	0	0	2
1893-0106	2	3	0	0	0	0	0	0	0	5
1893-0107	0	0	0	0	0	0	0	0	0	0
1893-0273	0	0	0	0	0	0	0	0	0	0
1893-0274	0	0	0	0	0	0	0	0	0	0
1893-0275	0	0	0	0	0	0	0	0	0	0
1893-0276	0	0	0	0	0	0	0	0	0	0
1893-0277	0	0	0	0	0	0	0	0	0	0
1893-0278	0	0	0	0	0	0	0	0	0	0
1893-0279	0	0	0	0	0	0	0	0	0	0
1893-0280	0	0	0	0	0	0	0	0	0	0
1893-0281	0	0	0	0	0	0	0	0	0	0
1893-0282	0	0	0	0	0	0	0	0	0	0
1893-0283	0	0	0	0	0	0	0	0	0	0
1893-0284	0	0	0	0	0	0	0	0	0	0
1893-0285	0	0	0	0	0	0	0	0	0	0
1893-0286	0	0	0	0	0	0	0	0	0	0
1893-0287	0	0	0	0	0	0	0	0	0	0
1893-0288	0	0	0	0	0	0	0	0	0	0
1893-0289	0	0	0	0	0	0	0	0	0	0
1893-0290	0	0	0	0	0	0	0	0	0	0
1893-0291	0	0	0	0	0	0	0	0	0	0
1893-0292	0	0	0	0	0	0	0	0	0	0
1893-0293	0	0	0	0	0	0	0	0	0	0
1893-0294	0	0	0	0	0	0	0	0	0	0
1893-0295	0	0	0	0	0	0	0	0	0	0
1893-0296	0	0	0	0	0	0	0	0	0	0
1893-0297	0	0	0	0	0	0	0	0	0	0
1893-0298	0	0	0	0	0	0	0	0	0	0
1893-0299	0	0	0	0	0	0	0	0	0	0
1893-0300	0	0	0	0	0	0	0	0	0	0
1893-0301	0	0	0	0	0	0	0	0	0	0
1893-0302	0	0	0	0	0	0	0	0	0	0
1893-0303	0	0	0	0	0	0	0	0	0	0
1893-0304	0	0	0	0	0	0	0	0	0	0
1893-0305	0	0	0	0	0	0	0	0	0	0
1893-0306	0	0	0	0	0	0	0	0	0	0
1893-0307	0	0	0	0	0	0	0	0	0	0
1893-0308	0	0	0	0	0	0	0	0	0	0
1893-0309	0	0	0	0	0	0	0	0	0	0
1893-0310	0	0	0	0	0	0	0	0	0	0
1893-0311	0	0	0	0	0	0	0	0	0	0
1893-0312	0	0	0	0	0	0	0	0	0	0
1893-0313	0	0	0	0	0	0	0	0	0	0
1893-0314	0	0	0	0	0	0	0	0	0	0
1893-0315	0	0	0	0	0	0	0	0	0	0
1893-0316	0	0	0	0	0	0	0	0	0	0
1893-0317	0	0	0	0	0	0	0	0	0	0
1893-0318	0	0	0	0	0	0	0	0	0	0
1893-0319	0	0	0	0	0	0	0	0	0	0
1893-0320	0	0	0	0	0	0	0	0	0	0
1893-0321	0	0	0	0	0	0	0	0	0	0
1893-0322	0	0	0	0	0	0	0	0	0	0
1893-0323	0	0	0	0	0	0	0	0	0	0
1893-0324	0	0	0	0	0	0	0	0	0	0
1893-0325	0	0	0	0	0	0	0	0	0	0
1893-0326	0	0	0	0	0	0	0	0	0	0
1893-0327	0	0	0	0	0	0	0	0	0	0
1893-0328	0	0	0	0	0	0	0	0	0	0
1893-0329	0	0	0	0	0	0	0	0	0	0
1893-0330	0	0	0	0	0	0	0	0	0	0
1893-0331	0	0	0	0	0	0	0	0	0	0
1893-0332	0	0	0	0	0	0	0	0	0	0
1893-0333	0	0	0	0	0	0	0	0	0	0
1893-0334	0	0	0	0	0	0	0	0	0	0
1893-0335	0	0	0	0	0	0	0	0	0	0
1893-0336	0	1	0	0	0	0	0	0	0	1
1893-0337	0	0	0	0	0	0	0	0	0	0
1893-0338	0	0	0	0	0	0	0	0	0	0
1893-0339	0	0	0	0	0	0	0	0	0	0
1893-0340	0	1	0	0	0	0	0	0	0	1
1893-0341	0	0	0	0	0	0	0	0	0	0
1893-0342	0	0	0	0	0	0	0	0	0	0
1893-0343	0	0	0	0	0	0	0	0	0	0
1893-0344	0	0	0	0	0	0	0	0	0	0
1893-0345	0	0	0	0	0	0	0	0	0	0
1893-0346	0	0	0	0	0	0	0	0	0	0
1893-0347	0	0	0	0	0	0	0	0	0	0
1893-0348	0	0	0	0	0	0	0	0	0	0
1893-0349	0	0	0	0	0	0	0	0	0	0
1893-0350	0	0	0	0	0	0	0	0	0	0
1893-0351	0	0	0	0	0	0	0	0	0	0
1893-0352	0	0	0	0	0	0	0	0	0	0
1893-0353	0	0	0	0	0	0	0	0	0	0
1893-0354	0	0	0	0	0	0	0	0	0	0
1893-0355	0	0	0	0	0	0	0	0	0	0
1893-0356	0	0	0	0	0	0	0	0	0	0
1893-0357	1	0	0	0	0	0	0	0	0	1
1893-0358	0	0	0	0	0	0	0	0	0	0
1893-0359	0	0	0	0	0	0	0	0	0	0
1893-0360	0	0	0	0	0	0	0	0	0	0
1893-0361	0	0	0	0	0	0	0	0	0	0
1893-0362	0	0	0	0	0	0	0	0	0	0
1893-0363	0	0	0	0	0	0	0	0	0	0
1893-0364	0	0	0	0	0	0	0	0	0	0
1893-0365	0	0	0	0	0	0	0	0	0	0
1893-0366	0	0	0	0	0	0	0	0	0	0
1893-0367	0	0	0	0	0	0	0	0	0	0
1893-0368	0	0	0	0	0	0	0	0	0	0
1893-0369	0	0	0	0	0	0	0	0	0	0
1893-0370	0	0	0	0	0	0	0	0	0	0
1893-0371	0	0	0	0	0	0	0	0	0	0
1893-0372	0	0	0	0	0	0	0	0	0	0
1893-0373	0	0	0	0	0	0	0	0	0	0
1893-0374	0	0	0	0	0	0	0	0	0	0
1893-0375	0	0	0	0	0	0	0	0	0	0
1893-0376	0	0	0	0	0	0	0	0	0	0
1893-0377	0	0	0	0	0	0	0	0	0	0
1893-0378	1	0	0	0	0	0	0	0	0	1
1893-0379	0	0	0	0	0	0	0	0	0	0
1893-0380	0	0	0	0	0	0	0	0	0	0
1893-0381	0	0	0	0	0	0	0	0	0	0
1893-0382	0	0	0	0	0	0	0	0	0	0
1893-0383	0	0	0	0	0	0	0	0	0	0
1893-0384	0	0	0	0	0	0	0	0	0	0
1893-0385	0	0	0	0	0	0	0	0	0	0
1893-0386	0	0	0	0	0	0	0	0	0	0
1893-0387	0	0	0	0	0	0	0	0	0	0
1893-0388	0	0	0	0	0	0	0	0	0	0
1893-0389	0	0	0	0	0	0	0	0	0	0
1893-0390	0	0	0	0	0	0	0	0	0	0
1893-0391	0	0	0	0	0	0	0	0	0	0
1893-0407	0	0	0	0	0	0	0	0	0	0
1893-0408	1	0	0	0	0	0	0	0	0	1
1893-0409	0	1	0	0	0	0	0	0	0	1
1893-0410	0	0	0	0	0	0	0	0	0	0
1893-0411	1	0	0	0	0	0	0	0	0	1
1893-0412	0	0	0	0	0	0	0	0	0	0
1893-0413	0	0	0	0	0	0	0	0	0	0
1893-0414	0	0	0	0	0	0	0	0	0	0
1893-0415	0	0	0	0	0	0	0	0	0	0
1893-0416	0	0	0	0	0	0	0	0	0	0
1893-0417	0	0	0	0	0	0	0	0	0	0
1893-0418	0	1	0	0	0	0	0	0	0	1
1893-0419	0	0	0	0	0	0	0	0	0	0
1893-0420	0	0	0	0	0	0	0	0	0	0
1893-0421	0	0	0	0	0	0	0	0	0	0
1893-0422	0	0	0	0	0	0	0	0	0	0
1893-0423	0	0	0	0	0	0	0	0	0	0
1893-0424	0	0	0	0	0	0	0	0	0	0
1893-0425	0	0	0	0	0	0	0	0	0	0
1893-0426	0	0	0	0	0	0	0	0	0	0
1893-0427	0	0	0	0	0	0	0	0	0	0
1893-0428	0	0	0	0	0	0	0	0	0	0
1893-0429	0	0	0	0	0	0	0	0	0	0
1893-0430	0	0	0	0	0	0	0	0	0	0
1893-0431	0	0	0	0	0	0	0	0	0	0
1893-0432	0	0	0	0	0	0	0	0	0	0
1893-0433	0	0	0	0	0	0	0	0	0	0
1894-0066	0	0	0	0	0	0	0	0	0	0
1894-0067	0	0	0	0	0	0	0	0	0	0
1894-0068	0	0	0	0	0	0	0	0	0	0
1894-0069	1	1	0	0	0	0	0	0	0	2
1894-0070	0	0	0	0	0	0	0	0	0	0
1894-0071	0	1	1	0	0	0	0	0	0	2
1894-0072	0	2	0	0	0	0	0	0	0	2
1894-0073	0	0	0	0	0	0	0	0	0	0
1894-0074	0	0	0	0	0	0	0	0	0	0
1894-0075	0	1	1	0	0	0	0	0	0	2
1894-0076	0	0	0	0	0	0	0	0	0	0
1894-0077	0	0	0	0	0	0	0	0	0	0
1894-0078	0	0	0	0	0	0	0	0	0	0
1894-0079	0	1	1	0	0	0	0	0	0	2
1894-0080	1	0	1	0	0	0	0	0	0	2
1894-0081	0	0	0	0	0	0	0	0	0	0
1894-0082	0	1	0	0	0	0	0	0	0	1
1894-0083	0	1	0	0	0	0	0	0	0	1
1894-0084	0	2	0	0	0	0	0	0	0	2
1894-0085	1	0	0	0	0	0	0	0	0	1
1894-0086	1	0	0	0	0	0	0	0	0	1
1894-0087	0	0	2	0	0	0	0	0	0	2
1894-0088	1	0	0	0	0	0	0	0	0	1
1894-0089	0	0	0	0	0	0	0	0	0	0
1894-0090	0	0	0	0	0	0	0	0	0	0
1894-0091	0	0	0	0	0	0	0	0	0	0
1894-0092	0	0	0	0	0	0	0	0	0	0
1894-0093	0	0	0	0	0	0	0	0	0	0
1894-0094	0	0	1	0	0	0	0	0	0	1
1894-0095	0	1	0	0	0	0	0	0	0	1
1894-0096	0	0	0	0	0	0	0	0	0	0
1894-0097	0	1	0	0	0	0	0	0	0	1
1894-0098	0	3	0	0	0	0	0	0	0	3
1894-0099	0	0	0	0	0	0	0	0	0	0
1894-0100	0	0	0	0	0	0	0	0	0	0
1894-0101	1	0	0	0	0	0	0	0	0	1
1894-0102	0	0	0	0	0	0	0	0	0	0
1894-0103	0	0	0	0	0	0	0	0	0	0
1894-0104	0	2	0	0	0	0	0	0	0	2
1894-0105	0	0	0	0	0	0	0	0	0	0
1894-0106	1	0	0	0	0	0	0	0	0	1
1894-0107	0	0	0	0	0	0	0	0	0	0
1894-0110	1	1	0	0	0	0	0	0	0	2
1894-0111	2	2	0	0	0	0	0	0	0	4
1894-0112	0	0	0	0	0	0	0	0	0	0
1894-0278	0	0	0	0	0	0	0	0	0	0
1894-0279	0	0	0	0	0	0	0	0	0	0
1894-0280	0	0	0	0	0	0	0	0	0	0
1894-0281	0	0	0	0	0	0	0	0	0	0
1894-0282	0	0	0	0	0	0	0	0	0	0
1894-0283	0	0	0	0	0	0	0	0	0	0
1894-0284	0	0	0	0	0	0	0	0	0	0
1894-0285	0	0	0	0	0	0	0	0	0	0
1894-0286	0	0	0	0	0	0	0	0	0	0
1894-0287	0	0	0	0	0	0	0	0	0	0
1894-0288	0	0	0	0	0	0	0	0	0	0
1894-0289	0	0	0	0	0	0	0	0	0	0
1894-0290	0	0	0	0	0	0	0	0	0	0
1894-0291	0	0	0	0	0	0	0	0	0	0
1894-0292	0	0	0	0	0	0	0	0	0	0
1894-0293	0	0	0	0	0	0	0	0	0	0
1894-0294	0	0	0	0	0	0	0	0	0	0
1894-0295	0	0	0	0	0	0	0	0	0	0
1894-0296	0	0	0	0	0	0	0	0	0	0
1894-0297	0	0	0	0	0	0	0	0	0	0
1894-0298	0	0	0	0	0	0	0	0	0	0
1894-0299	0	0	0	0	0	0	0	0	0	0
1894-0300	0	0	0	0	0	0	0	0	0	0
1894-0301	0	0	0	0	0	0	0	0	0	0
1894-0302	0	0	0	0	0	0	0	0	0	0
1894-0303	0	0	0	0	0	0	0	0	0	0
1894-0304	0	0	0	0	0	0	0	0	0	0
1894-0305	0	0	0	0	0	0	0	0	0	0
1894-0306	0	0	0	0	0	0	0	0	0	0
1894-0307	0	0	0	0	0	0	0	0	0	0
1894-0308	0	0	0	0	0	0	0	0	0	0
1894-0309	0	0	0	0	0	0	0	0	0	0
1894-0310	0	0	0	0	0	0	0	0	0	0
1894-0311	0	0	0	0	0	0	0	0	0	0
1894-0312	0	0	0	0	0	0	0	0	0	0
1894-0313	0	0	0	0	0	0	0	0	0	0
1894-0314	0	0	0	0	0	0	0	0	0	0
1894-0315	0	0	0	0	0	0	0	0	0	0
1894-0316	0	0	0	0	0	0	0	0	0	0
1894-0317	0	0	0	0	0	0	0	0	0	0
1894-0318	0	0	0	0	0	0	0	0	0	0
1894-0319	0	0	0	0	0	0	0	0	0	0
1894-0320	0	0	0	0	0	0	0	0	0	0
1894-0321	0	0	0	0	0	0	0	0	0	0
1894-0322	0	0	0	0	0	0	0	0	0	0
1894-0323	0	0	0	0	0	0	0	0	0	0
1894-0324	0	0	0	0	0	0	0	0	0	0
1894-0325	0	0	0	0	0	0	0	0	0	0
1894-0326	0	0	0	0	0	0	0	0	0	0
1894-0327	0	0	0	0	0	0	0	0	0	0
1894-0328	0	0	0	0	0	0	0	0	0	0
1894-0329	0	0	0	0	0	0	0	0	0	0
1894-0330	0	0	0	0	0	0	0	0	0	0
1894-0331	0	0	0	0	0	0	0	0	0	0
1894-0332	0	0	0	0	0	0	0	0	0	0
1894-0333	0	0	0	0	0	0	0	0	0	0
1894-0334	0	0	0	0	0	0	0	0	0	0
1894-0335	0	0	0	0	0	0	0	0	0	0
1894-0336	0	0	0	0	0	0	0	0	0	0
1894-0337	0	0	0	0	0	0	0	0	0	0
1894-0338	0	0	0	0	0	0	0	0	0	0
1894-0339	0	0	0	0	0	0	0	0	0	0
1894-0340	0	1	0	0	0	0	0	0	0	1
1894-0341	0	0	0	0	0	0	0	0	0	0
1894-0342	0	0	0	0	0	0	0	0	0	0
1894-0343	0	0	0	0	0	0	0	0	0	0
1894-0344	0	0	0	0	0	0	0	0	0	0
1894-0345	0	1	0	0	0	0	0	0	0	1
1894-0346	0	0	0	0	0	0	0	0	0	0
1894-0347	0	0	0	0	0	0	0	0	0	0
1894-0348	0	0	0	0	0	0	0	0	0	0
1894-0349	0	0	0	0	0	0	0	0	0	0
1894-0350	0	0	0	0	0	0	0	0	0	0
1894-0351	0	0	0	0	0	0	0	0	0	0
1894-0352	0	0	0	0	0	0	0	0	0	0
1894-0353	0	0	0	0	0	0	0	0	0	0
1894-0354	0	0	0	0	0	0	0	0	0	0
1894-0355	0	0	0	0	0	0	0	0	0	0
1894-0356	0	0	0	0	0	0	0	0	0	0
1894-0357	0	0	0	0	0	0	0	0	0	0
1894-0358	0	0	0	0	0	0	0	0	0	0
1894-0359	0	0	0	0	0	0	0	0	0	0
1894-0360	0	0	0	0	0	0	0	0	0	0
1894-0361	0	0	0	0	0	0	0	0	0	0
1894-0362	1	0	0	0	0	0	0	0	0	1
1894-0363	0	0	0	0	0	0	0	0	0	0
1894-0364	0	0	0	0	0	0	0	0	0	0
1894-0365	0	0	0	0	0	0	0	0	0	0
1894-0366	0	0	0	0	0	0	0	0	0	0
1894-0367	0	0	0	0	0	0	0	0	0	0
1894-0368	0	0	0	0	0	0	0	0	0	0
1894-0369	0	0	0	0	0	0	0	0	0	0
1894-0370	0	0	0	0	0	0	0	0	0	0
1894-0371	0	0	0	0	0	0	0	0	0	0
1894-0372	0	0	0	0	0	0	0	0	0	0
1894-0373	0	0	0	0	0	0	0	0	0	0
1894-0374	0	0	0	0	0	0	0	0	0	0
1894-0375	0	0	0	0	0	0	0	0	0	0
1894-0376	0	0	0	0	0	0	0	0	0	0
1894-0377	0	0	0	0	0	0	0	0	0	0
1894-0378	0	0	0	0	0	0	0	0	0	0
1894-0379	0	0	0	0	0	0	0	0	0	0
1894-0380	0	0	0	0	0	0	0	0	0	0
1894-0381	0	0	0	0	0	0	0	0	0	0
1894-0382	0	0	0	0	0	0	0	0	0	0
1894-0383	1	0	0	0	0	0	0	0	0	1
1894-0384	0	0	0	0	0	0	0	0	0	0
1894-0385	0	0	0	0	0	0	0	0	0	0
1894-0386	0	0	0	0	0	0	0	0	0	0
1894-0387	0	0	0	0	0	0	0	0	0	0
1894-0388	0	0	0	0	0	0	0	0	0	0
1894-0389	0	0	0	0	0	0	0	0	0	0
1894-0390	0	0	0	0	0	0	0	0	0	0
1894-0391	0	0	0	0	0	0	0	0	0	0
1894-0392	0	0	0	0	0	0	0	0	0	0
1894-0393	0	0	0	0	0	0	0	0	0	0
1894-0394	0	0	0	0	0	0	0	0	0	0
1894-0395	0	0	1	0	0	0	0	0	0	1
1894-0396	0	0	0	0	0	0	0	0	0	0
1894-0397	0	0	0	0	0	0	0	0	0	0
1894-0412	0	0	0	0	0	0	0	0	0	0
1894-0413	1	0	0	0	0	0	0	0	0	1
1894-0414	0	0	0	0	0	0	0	0	0	0
1894-0415	0	0	0	0	0	0	0	0	0	0
1894-0416	1	0	0	0	0	0	0	0	0	1
1894-0417	0	0	0	0	0	0	0	0	0	0
1894-0418	0	0	0	0	0	0	0	0	0	0
1894-0419	0	0	0	0	0	0	0	0	0	0
1894-0420	0	0	0	0	0	0	0	0	0	0
1894-0421	0	0	0	0	0	0	0	0	0	0
1894-0422	0	0	0	0	0	0	0	0	0	0
1894-0423	0	1	0	0	0	0	0	0	0	1
1894-0424	0	0	0	0	0	0	0	0	0	0
1894-0425	0	0	0	0	0	0	0	0	0	0
1894-0426	0	0	0	0	0	0	0	0	0	0
1894-0427	0	0	0	0	0	0	0	0	0	0
1894-0428	0	0	0	0	0	0	0	0	0	0
1894-0429	0	0	0	0	0	0	0	0	0	0
1894-0430	0	0	0	0	0	0	0	0	0	0
1894-0431	0	0	0	0	0	0	0	0	0	0
1894-0432	0	0	0	0	0	0	0	0	0	0
1894-0433	0	0	0	0	0	0	0	0	0	0
1894-0434	0	0	0	0	0	0	0	0	0	0
1894-0435	0	0	0	0	0	0	0	0	0	0
1894-0436	0	0	0	0	0	0	0	0	0	0
1894-0437	0	0	0	0	0	0	0	0	0	0
1895-0060	0	0	0	0	0	0	0	0	0	0
1895-0061	0	0	0	0	0	0	0	0	0	0
1895-0062	0	0	0	0	0	0	0	0	0	0
1895-0063	1	1	0	0	0	0	0	0	0	2
1895-0064	0	0	0	0	0	0	0	0	0	0
1895-0065	0	0	0	0	0	0	0	0	0	0
1895-0066	0	3	0	0	0	0	0	0	0	3
1895-0067	0	0	0	0	0	0	0	0	0	0
1895-0068	0	0	0	0	0	0	0	0	0	0
1895-0069	1	1	1	0	0	0	0	0	0	3
1895-0070	0	0	0	0	0	0	0	0	0	0
1895-0071	0	0	0	0	0	0	0	0	0	0
1895-0072	0	0	0	0	0	0	0	0	0	0
1895-0073	0	0	0	0	0	0	0	0	0	0
1895-0074	0	1	2	0	0	0	0	0	0	3
1895-0075	1	0	0	0	0	0	0	0	0	1
1895-0076	0	1	0	0	0	0	0	0	0	1
1895-0077	0	1	0	0	0	0	0	0	0	1
1895-0078	0	2	0	0	0	0	0	0	0	2
1895-0079	0	0	0	0	0	0	0	0	0	0
1895-0080	2	0	0	0	0	0	0	0	0	2
1895-0081	0	0	2	0	0	0	0	0	0	2
1895-0082	1	0	0	0	0	0	0	0	0	1
1895-0083	0	0	0	0	0	0	0	0	0	0
1895-0084	0	0	0	0	0	0	0	0	0	0
1895-0085	1	0	0	0	0	0	0	0	0	1
1895-0086	0	0	0	0	0	0	0	0	0	0
1895-0087	0	0	0	0	0	0	0	0	0	0
1895-0088	0	0	1	0	0	0	0	0	0	1
1895-0089	0	1	0	0	0	0	0	0	0	1
1895-0090	0	0	0	0	0	0	0	0	0	0
1895-0091	0	1	0	0	0	0	0	0	0	1
1895-0092	0	2	0	0	0	0	0	0	0	2
1895-0093	0	1	0	0	0	0	0	0	0	1
1895-0094	0	0	0	0	0	0	0	0	0	0
1895-0095	0	0	0	0	0	0	0	0	0	0
1895-0096	1	0	0	0	0	0	0	0	0	1
1895-0097	0	0	0	0	0	0	0	0	0	0
1895-0098	0	2	0	0	0	0	0	0	0	2
1895-0099	1	0	0	0	0	0	0	0	0	1
1895-0100	0	0	0	0	0	0	0	0	0	0
1895-0101	0	0	0	0	0	0	0	0	0	0
1895-0102	0	0	0	0	0	0	0	0	0	0
1895-0109	1	1	0	0	0	0	0	0	0	2
1895-0110	2	2	0	0	0	0	0	0	0	4
1895-0111	0	0	0	0	0	0	0	0	0	0
1895-0286	0	0	0	0	0	0	0	0	0	0
1895-0287	0	0	0	0	0	0	0	0	0	0
1895-0288	0	0	0	0	0	0	0	0	0	0
1895-0289	0	0	0	0	0	0	0	0	0	0
1895-0290	0	0	0	0	0	0	0	0	0	0
1895-0291	0	0	0	0	0	0	0	0	0	0
1895-0292	0	0	0	0	0	0	0	0	0	0
1895-0293	0	0	0	0	0	0	0	0	0	0
1895-0294	0	0	0	0	0	0	0	0	0	0
1895-0295	0	0	0	0	0	0	0	0	0	0
1895-0296	0	0	0	0	0	0	0	0	0	0
1895-0297	0	0	0	0	0	0	0	0	0	0
1895-0298	0	0	0	0	0	0	0	0	0	0
1895-0299	0	0	0	0	0	0	0	0	0	0
1895-0300	0	0	0	0	0	0	0	0	0	0
1895-0301	0	0	0	0	0	0	0	0	0	0
1895-0302	0	0	0	0	0	0	0	0	0	0
1895-0303	0	0	0	0	0	0	0	0	0	0
1895-0304	0	0	0	0	0	0	0	0	0	0
1895-0305	0	0	0	0	0	0	0	0	0	0
1895-0306	0	0	0	0	0	0	0	0	0	0
1895-0307	0	0	0	0	0	0	0	0	0	0
1895-0308	0	0	0	0	0	0	0	0	0	0
1895-0309	0	0	0	0	0	0	0	0	0	0
1895-0310	0	0	0	0	0	0	0	0	0	0
1895-0311	0	0	0	0	0	0	0	0	0	0
1895-0312	0	0	0	0	0	0	0	0	0	0
1895-0313	0	0	0	0	0	0	0	0	0	0
1895-0314	0	0	0	0	0	0	0	0	0	0
1895-0315	0	0	0	0	0	0	0	0	0	0
1895-0316	0	0	0	0	0	0	0	0	0	0
1895-0317	0	0	0	0	0	0	0	0	0	0
1895-0318	0	0	0	0	0	0	0	0	0	0
1895-0319	0	0	0	0	0	0	0	0	0	0
1895-0320	0	0	0	0	0	0	0	0	0	0
1895-0321	0	0	0	0	0	0	0	0	0	0
1895-0322	0	0	0	0	0	0	0	0	0	0
1895-0323	0	0	0	0	0	0	0	0	0	0
1895-0324	0	0	0	0	0	0	0	0	0	0
1895-0325	0	0	0	0	0	0	0	0	0	0
1895-0326	0	0	0	0	0	0	0	0	0	0
1895-0327	0	0	0	0	0	0	0	0	0	0
1895-0328	0	0	0	0	0	0	0	0	0	0
1895-0329	0	0	0	0	0	0	0	0	0	0
1895-0330	0	0	0	0	0	0	0	0	0	0
1895-0331	0	0	0	0	0	0	0	0	0	0
1895-0332	0	0	0	0	0	0	0	0	0	0
1895-0333	0	0	0	0	0	0	0	0	0	0
1895-0334	0	0	0	0	0	0	0	0	0	0
1895-0335	0	0	0	0	0	0	0	0	0	0
1895-0336	0	0	0	0	0	0	0	0	0	0
1895-0337	0	0	0	0	0	0	0	0	0	0
1895-0338	0	0	0	0	0	0	0	0	0	0
1895-0339	0	0	0	0	0	0	0	0	0	0
1895-0340	0	0	0	0	0	0	0	0	0	0
1895-0341	0	0	0	0	0	0	0	0	0	0
1895-0342	0	0	0	0	0	0	0	0	0	0
1895-0343	0	0	0	0	0	0	0	0	0	0
1895-0344	0	0	0	0	0	0	0	0	0	0
1895-0345	0	0	0	0	0	0	0	0	0	0
1895-0346	0	0	0	0	0	0	0	0	0	0
1895-0347	0	1	0	0	0	0	0	0	0	1
1895-0348	0	0	0	0	0	0	0	0	0	0
1895-0349	0	0	0	0	0	0	0	0	0	0
1895-0350	0	0	0	0	0	0	0	0	0	0
1895-0351	0	0	0	0	0	0	0	0	0	0
1895-0352	0	2	0	0	0	0	0	0	0	2
1895-0353	0	0	0	0	0	0	0	0	0	0
1895-0354	0	0	0	0	0	0	0	0	0	0
1895-0355	0	0	0	0	0	0	0	0	0	0
1895-0356	0	0	0	0	0	0	0	0	0	0
1895-0357	0	0	0	0	0	0	0	0	0	0
1895-0358	0	0	0	0	0	0	0	0	0	0
1895-0359	0	0	0	0	0	0	0	0	0	0
1895-0360	0	0	0	0	0	0	0	0	0	0
1895-0361	0	0	0	0	0	0	0	0	0	0
1895-0362	0	0	0	0	0	0	0	0	0	0
1895-0363	0	0	0	0	0	0	0	0	0	0
1895-0364	0	0	0	0	0	0	0	0	0	0
1895-0365	0	0	0	0	0	0	0	0	0	0
1895-0366	0	0	0	0	0	0	0	0	0	0
1895-0367	0	0	0	0	0	0	0	0	0	0
1895-0368	0	0	0	0	0	0	0	0	0	0
1895-0369	1	0	0	0	0	0	0	0	0	1
1895-0370	0	0	0	0	0	0	0	0	0	0
1895-0371	0	0	0	0	0	0	0	0	0	0
1895-0372	0	0	0	0	0	0	0	0	0	0
1895-0373	0	0	0	0	0	0	0	0	0	0
1895-0374	0	0	0	0	0	0	0	0	0	0
1895-0375	0	0	0	0	0	0	0	0	0	0
1895-0376	0	0	0	0	0	0	0	0	0	0
1895-0377	0	0	0	0	0	0	0	0	0	0
1895-0378	0	0	0	0	0	0	0	0	0	0
1895-0379	0	0	0	0	0	0	0	0	0	0
1895-0380	0	0	0	0	0	0	0	0	0	0
1895-0381	0	0	0	0	0	0	0	0	0	0
1895-0382	0	0	0	0	0	0	0	0	0	0
1895-0383	0	0	0	0	0	0	0	0	0	0
1895-0384	0	0	0	0	0	0	0	0	0	0
1895-0385	0	0	0	0	0	0	0	0	0	0
1895-0386	0	0	0	0	0	0	0	0	0	0
1895-0387	0	0	0	0	0	0	0	0	0	0
1895-0388	0	0	0	0	0	0	0	0	0	0
1895-0389	0	0	0	0	0	0	0	0	0	0
1895-0390	1	0	0	0	0	0	0	0	0	1
1895-0391	0	0	0	0	0	0	0	0	0	0
1895-0392	0	0	0	0	0	0	0	0	0	0
1895-0393	0	0	0	0	0	0	0	0	0	0
1895-0394	0	1	0	0	0	0	0	0	0	1
1895-0395	0	0	0	0	0	0	0	0	0	0
1895-0396	0	0	0	0	0	0	0	0	0	0
1895-0397	0	0	0	0	0	0	0	0	0	0
1895-0398	0	0	0	0	0	0	0	0	0	0
1895-0399	0	0	0	0	0	0	0	0	0	0
1895-0400	0	0	0	0	0	0	0	0	0	0
1895-0401	1	0	0	0	0	0	0	0	0	1
1895-0402	0	0	1	0	0	0	0	0	0	1
1895-0403	0	0	0	0	0	0	0	0	0	0
1895-0404	0	0	0	0	0	0	0	0	0	0
1895-0420	0	0	0	0	0	0	0	0	0	0
1895-0421	1	0	0	0	0	0	0	0	0	1
1895-0422	0	0	0	0	0	0	0	0	0	0
1895-0423	1	0	0	0	0	0	0	0	0	1
1895-0424	0	0	0	0	0	0	0	0	0	0
1895-0425	0	0	0	0	0	0	0	0	0	0
1895-0426	0	0	0	0	0	0	0	0	0	0
1895-0427	0	0	0	0	0	0	0	0	0	0
1895-0428	0	0	0	0	0	0	0	0	0	0
1895-0429	0	0	0	0	0	0	0	0	0	0
1895-0430	0	0	0	0	0	0	0	0	0	0
1895-0431	0	0	0	0	0	0	0	0	0	0
1895-0432	0	0	0	0	0	0	0	0	0	0
1895-0433	0	0	0	0	0	0	0	0	0	0
1895-0434	0	0	0	0	0	0	0	0	0	0
1895-0435	0	0	0	0	0	0	0	0	0	0
1895-0436	0	0	0	0	0	0	0	0	0	0
1895-0437	0	0	0	0	0	0	0	0	0	0
1895-0438	0	0	0	0	0	0	0	0	0	0
1895-0439	0	0	0	0	0	0	0	0	0	0
1895-0440	0	0	0	0	0	0	0	0	0	0
1895-0441	0	0	0	0	0	0	0	0	0	0
1895-0442	0	0	0	0	0	0	0	0	0	0
1895-0443	0	0	0	0	0	0	0	0	0	0
1896-0059	0	0	0	0	0	0	0	0	0	0
1896-0060	0	0	0	0	0	0	0	0	0	0
1896-0061	0	0	0	0	0	0	0	0	0	0
1896-0062	1	1	0	0	0	0	0	0	0	2
1896-0063	0	0	0	0	0	0	0	0	0	0
1896-0064	0	0	0	0	0	0	0	0	0	0
1896-0065	0	2	0	0	0	0	0	0	0	2
1896-0066	0	1	0	0	0	0	0	0	0	1
1896-0067	0	0	0	0	0	0	0	0	0	0
1896-0068	0	1	0	0	0	0	0	0	0	1
1896-0069	0	1	1	0	0	0	0	0	0	2
1896-0070	0	0	0	0	0	0	0	0	0	0
1896-0071	0	1	0	0	0	0	0	0	0	1
1896-0072	1	1	0	0	0	0	0	0	0	2
1896-0073	0	0	0	0	0	0	0	0	0	0
1896-0074	0	1	2	0	0	0	0	0	0	3
1896-0075	2	0	0	0	0	0	0	0	0	2
1896-0076	0	1	0	0	0	0	0	0	0	1
1896-0077	0	0	0	0	0	0	0	0	0	0
1896-0078	0	3	0	0	0	0	0	0	0	3
1896-0079	0	0	0	0	0	0	0	0	0	0
1896-0080	2	0	0	0	0	0	0	0	0	2
1896-0081	0	0	1	0	0	0	0	0	0	1
1896-0082	1	0	0	0	0	0	0	0	0	1
1896-0083	0	1	0	0	0	0	0	0	0	1
1896-0084	0	0	0	0	0	0	0	0	0	0
1896-0085	2	0	0	0	0	0	0	0	0	2
1896-0086	0	0	0	0	0	0	0	0	0	0
1896-0087	0	0	0	0	0	0	0	0	0	0
1896-0088	0	1	1	0	0	0	0	0	0	2
1896-0089	0	0	0	0	0	0	0	0	0	0
1896-0090	0	0	0	0	0	0	0	0	0	0
1896-0091	0	2	0	0	0	0	0	0	0	2
1896-0092	0	2	0	0	0	0	0	0	0	2
1896-0093	0	1	0	0	0	0	0	0	0	1
1896-0094	0	0	0	0	0	0	0	0	0	0
1896-0095	0	0	0	0	0	0	0	0	0	0
1896-0096	1	0	0	0	0	0	0	0	0	1
1896-0097	0	0	0	0	0	0	0	0	0	0
1896-0098	1	2	0	0	0	0	0	0	0	3
1896-0099	0	1	0	0	0	0	0	0	0	1
1896-0100	0	0	0	0	0	0	0	0	0	0
1896-0101	0	0	0	0	0	0	0	0	0	0
1896-0102	0	0	0	0	0	0	0	0	0	0
1896-0105	2	0	0	0	0	0	0	0	0	2
1896-0106	1	0	0	0	0	0	0	0	0	1
1896-0107	1	1	0	0	0	0	0	0	0	2
1896-0108	0	0	0	0	0	0	0	0	0	0
1896-0109	0	0	0	0	0	0	0	0	0	0
1896-0110	0	0	0	0	0	0	0	0	0	0
1896-0111	0	0	0	0	0	0	0	0	0	0
1896-0112	0	0	0	0	0	0	0	0	0	0
1896-0113	0	0	0	0	0	0	0	0	0	0
1896-0114	0	0	0	0	0	0	0	0	0	0
1896-0115	0	0	0	0	0	0	0	0	0	0
1896-0116	0	0	0	0	0	0	0	0	0	0
1896-0117	0	0	0	0	0	0	0	0	0	0
1896-0118	0	0	0	0	0	0	0	0	0	0
1896-0119	0	0	0	0	0	0	0	0	0	0
1896-0120	0	0	0	0	0	0	0	0	0	0
1896-0121	0	0	0	0	0	0	0	0	0	0
1896-0122	0	0	0	0	0	0	0	0	0	0
1896-0123	2	0	0	0	0	0	0	0	0	2
1896-0124	2	0	0	0	0	0	0	0	0	2
1896-0125	1	0	0	0	0	0	0	0	0	1
1896-0126	3	2	0	0	0	0	0	0	0	5
1896-0127	2	0	0	0	0	0	0	0	0	2
1896-0128	0	0	0	1	0	0	0	0	0	1
1896-0129	3	0	0	0	0	0	0	0	0	3
1896-0130	0	1	1	0	0	0	0	0	0	2
1896-0277	0	0	0	0	0	0	0	0	0	0
1896-0278	0	0	0	0	0	0	0	0	0	0
1896-0279	0	0	0	0	0	0	0	0	0	0
1896-0280	0	0	0	0	0	0	0	0	0	0
1896-0281	0	0	0	0	0	0	0	0	0	0
1896-0282	0	0	0	0	0	0	0	0	0	0
1896-0283	0	0	0	0	0	0	0	0	0	0
1896-0284	1	0	0	0	0	0	0	0	0	1
1896-0285	0	0	0	0	0	0	0	0	0	0
1896-0286	0	0	0	0	0	0	0	0	0	0
1896-0287	0	0	0	0	0	0	0	0	0	0
1896-0288	0	0	0	0	0	0	0	0	0	0
1896-0289	0	0	0	0	0	0	0	0	0	0
1896-0290	0	0	0	0	0	0	0	0	0	0
1896-0291	0	0	0	0	0	0	0	0	0	0
1896-0292	1	0	0	0	0	0	0	0	0	1
1896-0293	0	0	0	0	0	0	0	0	0	0
1896-0294	0	0	0	0	0	0	0	0	0	0
1896-0295	1	0	0	0	0	0	0	0	0	1
1896-0296	0	0	0	0	0	0	0	0	0	0
1896-0297	0	0	0	0	0	0	0	0	0	0
1896-0298	0	0	0	0	0	0	0	0	0	0
1896-0299	0	0	0	0	0	0	0	0	0	0
1896-0300	0	0	0	0	0	0	0	0	0	0
1896-0301	0	0	0	0	0	0	0	0	0	0
1896-0302	0	0	0	0	0	0	0	0	0	0
1896-0303	0	0	0	0	0	0	0	0	0	0
1896-0304	0	0	0	0	0	0	0	0	0	0
1896-0305	0	0	0	0	0	0	0	0	0	0
1896-0306	0	0	0	0	0	0	0	0	0	0
1896-0307	0	0	0	0	0	0	0	0	0	0
1896-0308	0	0	0	0	0	0	0	0	0	0
1896-0309	0	0	0	0	0	0	0	0	0	0
1896-0310	0	0	0	0	0	0	0	0	0	0
1896-0311	0	0	0	0	0	0	0	0	0	0
1896-0312	0	0	0	0	0	0	0	0	0	0
1896-0313	0	0	0	0	0	0	0	0	0	0
1896-0314	0	0	0	0	0	0	0	0	0	0
1896-0315	0	0	0	0	0	0	0	0	0	0
1896-0316	0	0	0	0	0	0	0	0	0	0
1896-0317	0	0	0	0	0	0	0	0	0	0
1896-0318	0	0	0	0	0	0	0	0	0	0
1896-0319	0	0	0	0	0	0	0	0	0	0
1896-0320	0	0	0	0	0	0	0	0	0	0
1896-0321	0	0	0	0	0	0	0	0	0	0
1896-0322	0	0	0	0	0	0	0	0	0	0
1896-0323	0	0	0	0	0	0	0	0	0	0
1896-0324	0	0	0	0	0	0	0	0	0	0
1896-0325	0	0	0	0	0	0	0	0	0	0
1896-0326	0	0	0	0	0	0	0	0	0	0
1896-0327	0	0	0	0	0	0	0	0	0	0
1896-0328	0	0	0	0	1	0	0	0	0	1
1896-0329	0	0	0	0	0	0	0	0	0	0
1896-0330	0	0	0	0	0	0	0	0	0	0
1896-0331	0	0	0	0	0	0	0	0	0	0
1896-0332	0	0	0	0	0	0	0	0	0	0
1896-0333	0	1	0	0	0	0	0	0	0	1
1896-0334	0	0	0	0	0	0	0	0	0	0
1896-0335	0	0	0	0	0	0	0	0	0	0
1896-0336	0	0	0	0	0	0	0	0	0	0
1896-0337	0	0	0	0	0	0	0	0	0	0
1896-0338	0	0	0	0	0	0	0	0	0	0
1896-0339	0	0	0	0	0	0	0	0	0	0
1896-0340	0	2	0	0	0	0	0	0	0	2
1896-0341	0	0	0	0	0	0	0	0	0	0
1896-0342	0	0	0	0	0	0	0	0	0	0
1896-0343	0	0	0	0	0	0	0	0	0	0
1896-0344	0	0	0	0	0	0	0	0	0	0
1896-0345	0	2	0	0	0	0	0	0	0	2
1896-0346	0	0	0	0	0	0	0	0	0	0
1896-0347	0	0	0	0	0	0	0	0	0	0
1896-0348	1	0	0	0	0	0	0	0	0	1
1896-0349	0	0	0	0	0	0	0	0	0	0
1896-0350	0	0	0	0	0	0	0	0	0	0
1896-0351	0	0	0	0	0	0	0	0	0	0
1896-0352	0	0	0	0	0	0	0	0	0	0
1896-0353	0	0	0	0	0	0	0	0	0	0
1896-0354	0	0	0	0	0	0	0	0	0	0
1896-0355	0	0	0	0	0	0	0	0	0	0
1896-0356	0	0	0	0	0	0	0	0	0	0
1896-0357	0	0	0	0	0	0	0	0	0	0
1896-0358	0	0	0	0	0	0	0	0	0	0
1896-0359	0	1	0	0	0	0	0	0	0	1
1896-0360	0	0	0	0	0	0	0	0	0	0
1896-0361	0	0	0	0	0	0	0	0	0	0
1896-0362	0	0	0	0	0	0	0	0	0	0
1896-0363	1	0	0	0	0	0	0	0	0	1
1896-0364	0	0	0	0	0	0	0	0	0	0
1896-0365	0	0	0	0	0	0	0	0	0	0
1896-0366	0	0	0	0	0	0	0	0	0	0
1896-0367	0	0	0	0	0	0	0	0	0	0
1896-0368	0	0	0	0	0	0	0	0	0	0
1896-0369	0	0	0	0	0	0	0	0	0	0
1896-0370	1	0	0	0	0	0	0	0	0	1
1896-0371	0	0	0	0	0	0	0	0	0	0
1896-0372	0	0	0	0	0	0	0	0	0	0
1896-0373	0	0	0	0	0	0	0	0	0	0
1896-0374	0	0	0	0	0	0	0	0	0	0
1896-0375	0	0	0	0	0	0	0	0	0	0
1896-0376	0	0	0	0	0	0	0	0	0	0
1896-0377	0	0	0	0	0	0	0	0	0	0
1896-0378	0	0	0	0	0	0	0	0	0	0
1896-0379	0	0	0	0	0	0	0	0	0	0
1896-0380	0	0	0	0	0	0	0	0	0	0
1896-0381	0	0	0	0	0	0	0	0	0	0
1896-0382	0	0	0	0	0	0	0	0	0	0
1896-0383	0	0	0	0	0	0	0	0	0	0
1896-0384	1	0	0	0	0	0	0	0	0	1
1896-0385	0	0	0	0	0	0	0	0	0	0
1896-0386	0	0	0	0	0	0	0	0	0	0
1896-0387	0	0	0	0	0	0	0	0	0	0
1896-0388	0	1	0	0	0	0	0	0	0	1
1896-0389	0	0	0	0	0	0	0	0	0	0
1896-0390	0	0	0	0	0	0	0	0	0	0
1896-0391	0	0	0	0	0	0	0	0	0	0
1896-0392	0	0	0	0	0	0	0	0	0	0
1896-0393	0	0	0	0	0	0	0	0	0	0
1896-0394	0	0	0	0	0	0	0	0	0	0
1896-0395	1	0	0	0	0	0	0	0	0	1
1896-0396	0	0	0	0	0	0	0	0	0	0
1896-0397	0	0	1	0	0	0	0	0	0	1
1896-0398	0	0	0	0	0	0	0	0	0	0
1896-0409	0	0	0	0	0	0	0	0	0	0
1896-0410	0	0	0	0	0	0	0	0	0	0
1896-0411	0	0	0	0	0	0	0	0	0	0
1896-0412	1	0	0	0	0	0	0	0	0	1
1896-0413	0	0	0	0	1	0	0	0	0	1
1896-0414	0	0	0	0	0	0	0	0	0	0
1896-0415	0	0	0	0	0	0	0	0	0	0
1896-0416	0	0	0	0	0	0	0	0	0	0
1896-0417	0	0	0	0	0	0	0	0	0	0
1896-0418	0	0	0	0	0	0	0	0	0	0
1896-0419	1	0	0	0	0	0	0	0	0	1
1896-0420	0	0	0	0	0	0	0	0	0	0
1896-0421	0	0	0	0	0	0	0	0	0	0
1896-0422	0	0	0	0	0	0	0	0	0	0
1896-0423	0	0	0	0	0	0	0	0	0	0
1896-0424	0	0	0	0	0	0	0	0	0	0
1896-0425	0	0	0	0	0	0	0	0	0	0
1896-0426	0	0	0	0	0	0	0	0	0	0
1896-0427	0	0	0	0	0	0	0	0	0	0
1896-0428	0	0	0	0	0	0	0	0	0	0
1896-0429	0	0	0	0	0	0	0	0	0	0
1896-0430	0	0	0	0	0	0	0	0	0	0
1896-0431	0	0	0	0	0	0	0	0	0	0
1896-0432	0	0	0	0	0	0	0	0	0	0
1897-0061	0	0	0	0	0	0	0	0	0	0
1897-0062	0	0	0	0	0	0	0	0	0	0
1897-0063	0	0	0	0	0	0	0	0	0	0
1897-0064	1	1	0	0	0	0	0	0	0	2
1897-0065	0	0	0	0	0	0	0	0	0	0
1897-0066	0	0	0	0	0	0	0	0	0	0
1897-0067	0	2	0	0	0	0	0	0	0	2
1897-0068	0	1	0	0	0	0	0	0	0	1
1897-0069	0	0	0	0	0	0	0	0	0	0
1897-0070	0	2	0	0	0	0	0	0	0	2
1897-0071	0	1	0	0	0	0	0	0	0	1
1897-0072	0	0	0	0	0	0	0	0	0	0
1897-0073	0	1	0	0	0	0	0	0	0	1
1897-0074	1	1	0	0	0	0	0	0	0	2
1897-0075	0	0	0	0	0	0	0	0	0	0
1897-0076	0	1	2	0	0	0	0	0	0	3
1897-0077	2	1	0	0	0	0	0	0	0	3
1897-0078	0	1	0	0	0	0	0	0	0	1
1897-0079	0	1	0	0	0	0	0	0	0	1
1897-0080	0	2	0	0	0	0	0	0	0	2
1897-0081	0	0	0	0	0	0	0	0	0	0
1897-0082	3	0	0	0	0	0	0	0	0	3
1897-0083	0	0	0	0	0	0	0	0	0	0
1897-0084	2	0	1	0	0	0	0	0	0	3
1897-0085	0	0	0	0	0	0	0	0	0	0
1897-0086	0	1	0	0	0	0	0	0	0	1
1897-0087	2	1	0	0	0	0	0	0	0	3
1897-0088	0	0	0	0	0	0	0	0	0	0
1897-0089	0	0	0	0	0	0	0	0	0	0
1897-0090	0	1	1	0	0	0	0	0	0	2
1897-0091	0	0	0	0	0	0	0	0	0	0
1897-0092	0	2	0	0	0	0	0	0	0	2
1897-0093	1	2	0	0	0	0	0	0	0	3
1897-0094	0	3	0	0	0	0	0	0	0	3
1897-0095	0	1	0	0	0	0	0	0	0	1
1897-0096	0	1	0	0	0	0	0	0	0	1
1897-0097	0	0	0	0	0	0	0	0	0	0
1897-0098	1	0	0	0	0	0	0	0	0	1
1897-0099	1	0	0	0	0	0	0	0	0	1
1897-0100	1	1	0	0	0	0	0	0	0	2
1897-0101	0	0	0	0	0	0	0	0	0	0
1897-0102	0	1	0	0	0	0	0	0	0	1
1897-0103	0	0	0	0	0	0	0	0	0	0
1897-0104	0	0	0	0	0	0	0	0	0	0
1897-0107	2	1	0	0	0	0	0	0	0	3
1897-0108	0	1	0	0	0	0	0	0	0	1
1897-0109	2	1	0	0	0	0	0	0	0	3
1897-0110	0	0	0	0	0	0	0	0	0	0
1897-0111	0	0	0	0	0	0	0	0	0	0
1897-0112	0	0	0	0	0	0	0	0	0	0
1897-0113	0	0	0	0	0	0	0	0	0	0
1897-0114	0	0	0	0	0	0	0	0	0	0
1897-0115	0	0	0	0	0	0	0	0	0	0
1897-0116	0	0	0	0	0	0	0	0	0	0
1897-0117	0	0	0	0	0	0	0	0	0	0
1897-0118	0	0	0	0	0	0	0	0	0	0
1897-0119	0	0	0	0	0	0	0	0	0	0
1897-0120	0	0	0	0	0	0	0	0	0	0
1897-0121	0	0	0	0	0	0	0	0	0	0
1897-0122	0	0	0	0	0	0	0	0	0	0
1897-0123	0	0	0	0	0	0	0	0	0	0
1897-0124	0	0	0	0	0	0	0	0	0	0
1897-0277	0	0	0	0	0	0	0	0	0	0
1897-0278	0	0	0	0	0	0	0	0	0	0
1897-0279	0	0	0	0	0	0	0	0	0	0
1897-0280	0	0	0	0	0	0	0	0	0	0
1897-0281	0	0	0	0	0	0	0	0	0	0
1897-0282	0	0	0	0	0	0	0	0	0	0
1897-0283	0	0	0	0	0	0	0	0	0	0
1897-0284	0	0	0	0	0	0	0	0	0	0
1897-0285	1	0	0	0	0	0	0	0	0	1
1897-0286	0	0	0	0	0	0	0	0	0	0
1897-0287	0	0	0	0	0	0	0	0	0	0
1897-0288	0	0	0	0	0	0	0	0	0	0
1897-0289	0	0	0	0	0	0	0	0	0	0
1897-0290	0	0	0	0	0	0	0	0	0	0
1897-0291	0	0	0	0	0	0	0	0	0	0
1897-0292	1	0	0	0	0	0	0	0	0	1
1897-0293	0	0	0	0	0	0	0	0	0	0
1897-0294	0	0	0	0	0	0	0	0	0	0
1897-0295	1	0	0	0	0	0	0	0	0	1
1897-0296	1	0	0	0	0	0	0	0	0	1
1897-0297	0	0	0	0	0	0	0	0	0	0
1897-0298	0	0	0	0	0	0	0	0	0	0
1897-0299	0	0	0	0	0	0	0	0	0	0
1897-0300	0	0	0	0	0	0	0	0	0	0
1897-0301	0	0	0	0	0	0	0	0	0	0
1897-0302	0	0	0	0	0	0	0	0	0	0
1897-0303	0	0	0	0	0	0	0	0	0	0
1897-0304	0	0	0	0	0	0	0	0	0	0
1897-0305	0	0	0	0	0	0	0	0	0	0
1897-0306	0	0	0	0	0	0	0	0	0	0
1897-0307	0	0	0	0	0	0	0	0	0	0
1897-0308	0	0	0	0	0	0	0	0	0	0
1897-0309	0	0	0	0	0	0	0	0	0	0
1897-0310	0	0	0	0	0	0	0	0	0	0
1897-0311	0	0	0	0	0	0	0	0	0	0
1897-0312	0	0	0	0	0	0	0	0	0	0
1897-0313	0	0	0	0	0	0	0	0	0	0
1897-0314	0	0	0	0	0	0	0	0	0	0
1897-0315	0	0	0	0	0	0	0	0	0	0
1897-0316	0	0	0	0	0	0	0	0	0	0
1897-0317	0	0	0	0	0	0	0	0	0	0
1897-0318	0	0	0	0	0	0	0	0	0	0
1897-0319	0	0	0	0	0	0	0	0	0	0
1897-0320	0	0	0	0	0	0	0	0	0	0
1897-0321	0	0	0	0	0	0	0	0	0	0
1897-0322	0	0	0	0	0	0	0	0	0	0
1897-0323	0	0	0	0	0	0	0	0	0	0
1897-0324	0	0	0	0	0	0	0	0	0	0
1897-0325	0	0	0	0	0	0	0	0	0	0
1897-0326	0	0	0	0	0	0	0	0	0	0
1897-0327	0	0	0	0	0	0	0	0	0	0
1897-0328	0	0	0	0	0	0	0	0	0	0
1897-0329	0	0	0	0	0	0	0	0	0	0
1897-0330	0	0	0	0	0	0	0	0	0	0
1897-0331	0	0	0	0	0	0	0	0	0	0
1897-0332	0	0	0	0	0	0	0	0	0	0
1897-0333	0	0	0	0	0	0	0	0	0	0
1897-0334	0	1	0	0	0	0	0	0	0	1
1897-0335	0	0	0	0	0	0	0	0	0	0
1897-0336	1	0	0	0	0	0	0	0	0	1
1897-0337	0	0	0	0	0	0	0	0	0	0
1897-0338	0	0	0	0	0	0	0	0	0	0
1897-0339	0	0	0	0	0	0	0	0	0	0
1897-0340	0	0	0	0	0	0	0	0	0	0
1897-0341	0	0	0	0	0	0	0	0	0	0
1897-0342	0	2	0	0	0	0	0	0	0	2
1897-0343	0	0	0	0	0	0	0	0	0	0
1897-0344	0	0	0	0	0	0	0	0	0	0
1897-0345	0	0	0	0	0	0	0	0	0	0
1897-0346	0	0	0	0	0	0	0	0	0	0
1897-0347	0	1	0	0	0	0	0	0	0	1
1897-0348	0	0	0	0	0	0	0	0	0	0
1897-0349	0	0	0	0	0	0	0	0	0	0
1897-0350	1	0	0	0	0	0	0	0	0	1
1897-0351	0	0	0	0	0	0	0	0	0	0
1897-0352	0	0	0	0	0	0	0	0	0	0
1897-0353	0	0	0	0	0	0	0	0	0	0
1897-0354	0	0	0	0	0	0	0	0	0	0
1897-0355	0	0	0	0	0	0	0	0	0	0
1897-0356	0	0	0	0	0	0	0	0	0	0
1897-0357	0	0	0	0	0	0	0	0	0	0
1897-0358	0	0	0	0	0	0	0	0	0	0
1897-0359	0	0	0	0	0	0	0	0	0	0
1897-0360	0	0	0	0	0	0	0	0	0	0
1897-0361	0	1	0	0	0	0	0	0	0	1
1897-0362	0	0	0	0	0	0	0	0	0	0
1897-0363	0	0	0	0	0	0	0	0	0	0
1897-0364	0	0	0	0	0	0	0	0	0	0
1897-0365	1	0	0	0	0	0	0	0	0	1
1897-0366	0	0	0	0	0	0	0	0	0	0
1897-0367	0	0	0	0	0	0	0	0	0	0
1897-0368	0	0	0	0	0	0	0	0	0	0
1897-0369	0	0	0	0	0	0	0	0	0	0
1897-0370	0	0	0	0	0	0	0	0	0	0
1897-0371	0	0	0	0	0	0	0	0	0	0
1897-0372	0	0	0	0	0	0	0	0	0	0
1897-0373	0	0	0	0	0	0	0	0	0	0
1897-0374	0	0	0	0	0	0	0	0	0	0
1897-0375	0	0	0	0	0	0	0	0	0	0
1897-0376	0	0	0	0	0	0	0	0	0	0
1897-0377	0	0	0	0	0	0	0	0	0	0
1897-0378	0	0	0	0	0	0	0	0	0	0
1897-0379	0	0	0	0	0	0	0	0	0	0
1897-0380	0	0	0	0	0	0	0	0	0	0
1897-0381	0	0	0	0	0	0	0	0	0	0
1897-0382	0	0	0	0	0	0	0	0	0	0
1897-0383	0	0	0	0	0	0	0	0	0	0
1897-0384	0	0	0	0	0	0	0	0	0	0
1897-0385	0	0	0	0	0	0	0	0	0	0
1897-0386	1	0	0	0	0	0	0	0	0	1
1897-0387	0	0	0	0	0	0	0	0	0	0
1897-0388	0	0	0	0	0	0	0	0	0	0
1897-0389	0	0	0	0	0	0	0	0	0	0
1897-0390	0	0	0	0	0	0	0	0	0	0
1897-0391	0	1	0	0	0	0	0	0	0	1
1897-0392	0	0	0	0	0	0	0	0	0	0
1897-0393	0	0	0	0	0	0	0	0	0	0
1897-0394	0	0	0	0	0	0	0	0	0	0
1897-0395	0	0	0	0	0	0	0	0	0	0
1897-0396	0	0	0	0	0	0	0	0	0	0
1897-0397	0	0	0	0	0	0	0	0	0	0
1897-0398	0	0	0	0	0	0	0	0	0	0
1897-0399	0	0	0	0	0	0	0	0	0	0
1897-0400	0	0	1	0	0	0	0	0	0	1
1897-0401	0	0	0	0	0	0	0	0	0	0
1897-0409	0	0	0	0	0	0	0	0	0	0
1897-0410	0	0	0	0	0	0	0	0	0	0
1897-0411	0	0	0	0	0	0	0	0	0	0
1897-0412	0	0	0	0	1	0	0	0	0	1
1897-0413	0	0	0	0	0	0	0	0	0	0
1897-0414	0	0	0	0	0	0	0	0	0	0
1897-0415	0	0	0	0	0	0	0	0	0	0
1897-0416	0	0	0	0	0	0	0	0	0	0
1897-0417	0	0	0	0	0	0	0	0	0	0
1897-0418	0	0	0	0	0	0	0	0	0	0
1897-0419	1	0	0	0	0	0	0	0	0	1
1897-0420	0	0	0	0	0	0	0	0	0	0
1897-0421	0	0	0	0	0	0	0	0	0	0
1897-0422	0	0	0	0	0	0	0	0	0	0
1897-0423	0	0	0	0	0	0	0	0	0	0
1897-0424	0	0	0	0	0	0	0	0	0	0
1897-0425	0	0	0	0	0	0	0	0	0	0
1897-0426	0	0	0	0	0	0	0	0	0	0
1897-0427	0	0	0	0	0	0	0	0	0	0
1897-0428	0	0	0	0	0	0	0	0	0	0
1897-0429	0	0	0	0	0	0	0	0	0	0
1898-0062	0	0	0	0	0	0	0	0	0	0
1898-0063	0	0	0	0	0	0	0	0	0	0
1898-0064	0	0	0	0	0	0	0	0	0	0
1898-0065	1	0	0	0	0	0	0	0	0	1
1898-0066	0	1	0	0	0	0	0	0	0	1
1898-0067	0	0	0	0	0	0	0	0	0	0
1898-0068	0	1	0	0	0	0	0	0	0	1
1898-0069	0	2	0	0	0	0	0	0	0	2
1898-0070	0	0	0	0	0	0	0	0	0	0
1898-0071	0	2	0	0	0	0	0	0	0	2
1898-0072	0	1	0	0	0	0	0	0	0	1
1898-0073	0	0	0	0	0	0	0	0	0	0
1898-0074	0	1	0	0	0	0	0	0	0	1
1898-0075	1	0	0	0	0	0	0	0	0	1
1898-0076	0	1	0	0	0	0	0	0	0	1
1898-0077	0	1	2	0	0	0	0	0	0	3
1898-0078	2	0	0	0	0	0	0	0	0	2
1898-0079	0	2	0	0	0	0	0	0	0	2
1898-0080	0	0	0	0	0	0	0	0	0	0
1898-0081	0	1	0	0	0	0	0	0	0	1
1898-0082	0	2	0	0	0	0	0	0	0	2
1898-0083	1	0	0	0	0	0	0	0	0	1
1898-0084	2	0	0	0	0	0	0	0	0	2
1898-0085	1	0	1	0	0	0	0	0	0	2
1898-0086	1	0	0	0	0	0	0	0	0	1
1898-0087	0	0	0	0	0	0	0	0	0	0
1898-0088	0	1	0	0	0	0	0	0	0	1
1898-0089	2	1	0	0	0	0	0	0	0	3
1898-0090	0	1	0	0	0	0	0	0	0	1
1898-0091	0	0	0	0	0	0	0	0	0	0
1898-0092	0	0	0	0	0	0	0	0	0	0
1898-0093	0	0	1	0	0	0	0	0	0	1
1898-0094	0	2	0	0	0	0	0	0	0	2
1898-0095	1	0	0	0	0	0	0	0	0	1
1898-0096	0	2	0	0	0	0	0	0	0	2
1898-0097	0	5	0	0	0	0	0	0	0	5
1898-0098	0	0	0	0	0	0	0	0	0	0
1898-0099	0	1	0	0	0	0	0	0	0	1
1898-0100	1	0	0	0	0	0	0	0	0	1
1898-0101	0	0	0	0	0	0	0	0	0	0
1898-0102	1	0	1	0	0	0	0	0	0	2
1898-0103	1	2	0	0	0	0	0	0	0	3
1898-0104	0	1	0	0	0	0	0	0	0	1
1898-0105	1	0	0	0	0	0	0	0	0	1
1898-0106	0	0	0	0	0	0	0	0	0	0
1898-0107	0	0	0	0	0	0	0	0	0	0
1898-0110	2	1	0	0	0	1	0	0	0	4
1898-0111	0	2	1	0	0	0	0	0	0	3
1898-0112	1	1	0	0	0	0	0	0	0	2
1898-0288	0	0	0	0	0	0	0	0	0	0
1898-0289	0	0	0	0	0	0	0	0	0	0
1898-0290	0	0	0	0	0	0	0	0	0	0
1898-0291	0	0	0	0	0	0	0	0	0	0
1898-0292	0	0	0	0	0	0	0	0	0	0
1898-0293	0	0	0	0	0	0	0	0	0	0
1898-0294	1	0	0	0	0	0	0	0	0	1
1898-0295	0	0	0	0	0	0	0	0	0	0
1898-0296	0	0	0	0	0	0	0	0	0	0
1898-0297	0	0	0	0	0	0	0	0	0	0
1898-0298	0	0	0	0	0	0	0	0	0	0
1898-0299	0	0	0	0	0	0	0	0	0	0
1898-0300	0	0	0	0	0	0	0	0	0	0
1898-0301	0	0	0	0	0	0	0	0	0	0
1898-0302	0	0	0	0	0	0	0	0	0	0
1898-0303	1	0	0	0	0	0	0	0	0	1
1898-0304	0	0	0	0	0	0	0	0	0	0
1898-0305	0	0	0	0	0	0	0	0	0	0
1898-0306	1	0	0	0	0	0	0	0	0	1
1898-0307	1	0	0	0	0	0	0	0	0	1
1898-0308	0	0	0	0	0	0	0	0	0	0
1898-0309	0	0	0	0	0	0	0	0	0	0
1898-0310	0	0	0	0	0	0	0	0	0	0
1898-0311	0	0	0	0	0	0	0	0	0	0
1898-0312	0	0	0	0	0	0	0	0	0	0
1898-0313	0	0	0	0	0	0	0	0	0	0
1898-0314	0	0	0	0	0	0	0	0	0	0
1898-0315	0	0	0	0	0	0	0	0	0	0
1898-0316	0	0	0	0	0	0	0	0	0	0
1898-0317	0	0	0	0	0	0	0	0	0	0
1898-0318	0	0	0	0	0	0	0	0	0	0
1898-0319	0	0	0	0	0	0	0	0	0	0
1898-0320	0	0	0	0	0	0	0	0	0	0
1898-0321	0	0	0	0	0	0	0	0	0	0
1898-0322	0	0	0	0	0	0	0	0	0	0
1898-0323	0	0	0	0	0	0	0	0	0	0
1898-0324	0	0	0	0	0	0	0	0	0	0
1898-0325	0	0	0	0	0	0	0	0	0	0
1898-0326	0	0	0	0	0	0	0	0	0	0
1898-0327	0	0	0	0	0	0	0	0	0	0
1898-0328	0	0	0	0	0	0	0	0	0	0
1898-0329	0	0	0	0	0	0	0	0	0	0
1898-0330	0	0	0	0	0	0	0	0	0	0
1898-0331	0	0	0	0	0	0	0	0	0	0
1898-0332	0	0	0	0	0	0	0	0	0	0
1898-0333	0	0	0	0	0	0	0	0	0	0
1898-0334	0	0	0	0	0	0	0	0	0	0
1898-0335	0	0	0	0	0	0	0	0	0	0
1898-0336	0	0	0	0	0	0	0	0	0	0
1898-0337	0	0	0	0	0	0	0	0	0	0
1898-0338	0	0	0	0	0	0	0	0	0	0
1898-0339	0	0	0	0	0	0	0	0	0	0
1898-0340	0	0	0	0	0	0	0	0	0	0
1898-0341	0	0	0	0	0	0	0	0	0	0
1898-0342	0	0	0	0	0	0	0	0	0	0
1898-0343	0	0	0	0	0	0	0	0	0	0
1898-0344	0	0	0	0	0	0	0	0	0	0
1898-0345	0	1	0	0	0	0	0	0	0	1
1898-0346	0	0	0	0	0	0	0	0	0	0
1898-0347	1	0	0	0	0	0	0	0	0	1
1898-0348	0	0	0	0	0	0	0	0	0	0
1898-0349	0	0	0	0	0	0	0	0	0	0
1898-0350	0	0	0	0	0	0	0	0	0	0
1898-0351	0	0	0	0	0	0	0	0	0	0
1898-0352	0	0	0	0	0	0	0	0	0	0
1898-0353	0	1	0	0	0	0	0	0	0	1
1898-0354	0	0	0	0	0	0	0	0	0	0
1898-0355	0	0	0	0	0	0	0	0	0	0
1898-0356	0	0	0	0	0	0	0	0	0	0
1898-0357	0	0	2	0	0	0	0	0	0	2
1898-0358	0	1	0	0	0	0	0	0	0	1
1898-0359	0	0	0	0	0	0	0	0	0	0
1898-0360	0	0	0	0	0	0	0	0	0	0
1898-0361	0	0	0	0	0	0	0	0	0	0
1898-0362	0	0	0	0	0	0	0	0	0	0
1898-0363	0	0	0	0	0	0	0	0	0	0
1898-0364	0	0	0	0	0	0	0	0	0	0
1898-0365	0	0	0	0	0	0	0	0	0	0
1898-0366	0	0	0	0	0	0	0	0	0	0
1898-0367	0	0	0	0	0	0	0	0	0	0
1898-0368	0	0	0	0	0	0	0	0	0	0
1898-0369	0	0	0	0	0	0	0	0	0	0
1898-0370	0	0	0	0	0	0	0	0	0	0
1898-0371	0	0	0	0	0	0	0	0	0	0
1898-0372	0	1	0	0	0	0	0	0	0	1
1898-0373	0	0	0	0	0	0	0	0	0	0
1898-0374	0	0	0	0	0	0	0	0	0	0
1898-0375	0	0	0	0	0	0	0	0	0	0
1898-0376	1	0	0	0	0	0	0	0	0	1
1898-0377	0	0	0	0	0	0	0	0	0	0
1898-0378	0	0	0	0	0	0	0	0	0	0
1898-0379	0	0	0	0	0	0	0	0	0	0
1898-0380	0	0	0	0	0	0	0	0	0	0
1898-0381	0	0	0	0	0	0	0	0	0	0
1898-0382	0	0	0	0	0	0	0	0	0	0
1898-0383	0	0	0	0	0	0	0	0	0	0
1898-0384	0	0	0	0	0	0	0	0	0	0
1898-0385	0	0	0	0	0	0	0	0	0	0
1898-0386	0	0	0	0	0	0	0	0	0	0
1898-0387	0	0	0	0	0	0	0	0	0	0
1898-0388	0	0	0	0	0	0	0	0	0	0
1898-0389	0	0	0	0	0	0	0	0	0	0
1898-0390	0	0	0	0	0	0	0	0	0	0
1898-0391	0	0	1	0	0	0	0	0	0	1
1898-0392	0	0	0	0	0	0	0	0	0	0
1898-0393	0	0	0	0	0	0	0	0	0	0
1898-0394	0	0	0	0	0	0	0	0	0	0
1898-0395	0	0	0	0	0	0	0	0	0	0
1898-0396	0	0	0	0	0	0	0	0	0	0
1898-0397	1	0	0	0	0	0	0	0	0	1
1898-0398	0	0	0	0	0	0	0	0	0	0
1898-0399	0	0	0	0	0	0	0	0	0	0
1898-0400	0	0	0	0	0	0	0	0	0	0
1898-0401	0	0	0	0	0	0	0	0	0	0
1898-0402	0	2	0	0	0	0	0	0	0	2
1898-0403	0	0	0	0	0	0	0	0	0	0
1898-0404	0	0	0	0	0	0	0	0	0	0
1898-0405	0	0	0	0	0	0	0	0	0	0
1898-0406	0	0	0	0	0	0	0	0	0	0
1898-0407	0	0	0	0	0	0	0	0	0	0
1898-0408	0	0	0	0	0	0	0	0	0	0
1898-0409	0	0	0	0	0	0	0	0	0	0
1898-0410	0	0	0	0	0	0	0	0	0	0
1898-0411	0	0	1	0	0	0	0	0	0	1
1898-0412	0	0	0	0	0	0	0	0	0	0
1898-0420	0	0	0	0	0	0	0	0	0	0
1898-0421	1	0	0	0	0	0	0	0	0	1
1898-0422	0	0	0	0	0	0	0	0	0	0
1898-0423	0	0	0	0	1	0	0	0	0	1
1898-0424	0	0	0	0	0	0	0	0	0	0
1898-0425	0	0	0	0	0	0	0	0	0	0
1898-0426	0	0	0	0	0	0	0	0	0	0
1898-0427	0	0	0	0	0	0	0	0	0	0
1898-0428	1	0	0	0	0	0	0	0	0	1
1898-0429	0	0	0	0	0	0	0	0	0	0
1898-0430	0	0	0	0	0	0	0	0	0	0
1898-0431	0	0	0	0	0	0	0	0	0	0
1898-0432	0	0	0	0	0	0	0	0	0	0
1898-0433	0	0	0	0	0	0	0	0	0	0
1898-0434	0	0	0	0	0	0	0	0	0	0
1898-0435	0	0	0	0	0	0	0	0	0	0
1898-0436	0	0	0	0	0	0	0	0	0	0
1898-0437	0	0	0	0	0	0	0	0	0	0
1899-0053	0	0	0	0	0	0	0	0	0	0
1899-0054	0	0	0	0	0	0	0	0	0	0
1899-0055	0	0	0	0	0	0	0	0	0	0
1899-0056	1	0	0	0	0	0	0	0	0	1
1899-0057	0	1	0	0	0	0	0	0	0	1
1899-0058	0	0	0	0	0	0	0	0	0	0
1899-0059	1	0	0	0	0	0	0	0	0	1
1899-0060	0	2	0	0	0	0	0	0	0	2
1899-0061	1	1	0	0	0	0	0	0	0	2
1899-0062	0	0	0	0	0	0	0	0	0	0
1899-0063	0	1	0	0	0	0	0	0	0	1
1899-0064	1	2	0	0	0	0	0	0	0	3
1899-0065	0	0	0	0	0	0	0	0	0	0
1899-0066	0	1	0	0	0	0	0	0	0	1
1899-0067	0	0	0	0	0	0	0	0	0	0
1899-0068	1	0	0	0	0	0	0	0	0	1
1899-0069	0	0	0	0	0	0	0	0	0	0
1899-0070	0	1	2	0	0	0	0	0	0	3
1899-0071	2	1	0	0	0	0	0	0	0	3
1899-0072	0	2	1	0	0	0	0	0	0	3
1899-0073	0	0	0	0	0	0	0	0	0	0
1899-0074	0	1	0	0	0	0	0	0	0	1
1899-0075	0	2	0	0	0	0	0	0	0	2
1899-0076	0	0	0	0	0	0	0	0	0	0
1899-0077	2	0	0	0	0	0	0	0	0	2
1899-0078	0	0	0	0	0	0	0	0	0	0
1899-0079	1	0	1	0	0	0	0	0	0	2
1899-0080	1	0	0	0	0	0	0	0	0	1
1899-0081	0	0	0	0	0	0	0	0	0	0
1899-0082	0	1	0	0	0	0	0	0	0	1
1899-0083	1	0	0	0	0	0	0	0	0	1
1899-0084	1	2	0	0	0	0	0	0	0	3
1899-0085	0	0	0	0	0	0	0	0	0	0
1899-0086	0	0	0	0	0	0	0	0	0	0
1899-0087	0	0	1	0	0	0	0	0	0	1
1899-0088	0	0	1	0	0	0	0	0	0	1
1899-0089	0	1	0	0	0	0	0	0	0	1
1899-0090	1	0	0	0	0	0	0	0	0	1
1899-0091	0	2	0	0	0	0	0	0	0	2
1899-0092	0	3	0	0	0	0	0	0	0	3
1899-0093	0	1	0	0	0	0	0	0	0	1
1899-0094	0	1	0	0	0	0	0	0	0	1
1899-0095	0	0	0	0	0	0	0	0	0	0
1899-0096	1	0	1	0	0	0	0	0	0	2
1899-0097	1	0	0	0	0	0	0	0	0	1
1899-0098	0	0	1	0	0	0	0	0	0	1
1899-0099	1	2	0	0	0	0	0	0	0	3
1899-0100	0	1	0	0	0	0	0	0	0	1
1899-0101	1	0	1	0	0	0	0	0	0	2
1899-0102	0	0	0	0	0	0	0	0	0	0
1899-0103	0	0	0	0	0	0	0	0	0	0
1899-0104	0	0	0	0	0	0	0	0	0	0
1899-0107	4	2	0	0	0	1	0	0	0	7
1899-0108	2	4	4	0	0	0	0	0	0	10
1899-0109	2	0	0	0	0	0	0	0	0	2
1899-0279	0	0	0	0	0	0	0	0	0	0
1899-0280	0	0	0	0	0	0	0	0	0	0
1899-0281	0	0	0	0	0	0	0	0	0	0
1899-0282	0	0	0	0	0	0	0	0	0	0
1899-0283	0	0	1	0	0	0	0	0	0	1
1899-0284	0	0	0	0	0	0	0	0	0	0
1899-0285	0	0	0	0	0	0	0	0	0	0
1899-0286	0	0	0	0	0	0	0	0	0	0
1899-0287	1	0	0	0	0	0	0	0	0	1
1899-0288	0	0	0	0	0	0	0	0	0	0
1899-0289	0	0	0	0	0	0	0	0	0	0
1899-0290	0	0	0	0	0	0	0	0	0	0
1899-0291	0	0	0	0	0	0	0	0	0	0
1899-0292	0	0	0	0	0	0	0	0	0	0
1899-0293	0	0	0	0	0	0	0	0	0	0
1899-0294	1	0	0	0	0	0	0	0	0	1
1899-0295	0	0	0	0	0	0	0	0	0	0
1899-0296	0	0	0	0	0	0	0	0	0	0
1899-0297	0	0	0	0	0	0	0	0	0	0
1899-0298	1	0	0	0	0	0	0	0	0	1
1899-0299	0	0	0	0	0	0	0	0	0	0
1899-0300	0	0	0	0	0	0	0	0	0	0
1899-0301	0	0	0	0	0	0	0	0	0	0
1899-0302	0	0	0	0	0	0	0	0	0	0
1899-0303	0	0	0	0	0	0	0	0	0	0
1899-0304	0	0	0	0	0	0	0	0	0	0
1899-0305	0	0	0	0	0	0	0	0	0	0
1899-0306	0	0	0	0	0	0	0	0	0	0
1899-0307	0	0	0	0	0	0	0	0	0	0
1899-0308	0	0	0	0	0	0	0	0	0	0
1899-0309	0	0	0	0	0	0	0	0	0	0
1899-0310	0	0	0	0	0	0	0	0	0	0
1899-0311	0	0	0	0	0	0	0	0	0	0
1899-0312	0	0	0	0	0	0	0	0	0	0
1899-0313	0	0	0	0	0	0	0	0	0	0
1899-0314	0	0	0	0	0	0	0	0	0	0
1899-0315	0	0	0	0	0	0	0	0	0	0
1899-0316	0	0	0	0	0	0	0	0	0	0
1899-0317	0	0	0	0	0	0	0	0	0	0
1899-0318	0	0	0	0	0	0	0	0	0	0
1899-0319	0	0	0	0	0	0	0	0	0	0
1899-0320	0	0	0	0	0	0	0	0	0	0
1899-0321	0	0	0	0	0	0	0	0	0	0
1899-0322	0	0	0	0	0	0	0	0	0	0
1899-0323	0	0	0	0	0	0	0	0	0	0
1899-0324	0	0	0	0	0	0	0	0	0	0
1899-0325	0	0	0	0	0	0	0	0	0	0
1899-0326	1	0	0	0	0	0	0	0	0	1
1899-0327	0	0	0	0	0	0	0	0	0	0
1899-0328	0	0	0	0	0	0	0	0	0	0
1899-0329	0	0	0	0	0	0	0	0	0	0
1899-0330	0	0	0	0	0	0	0	0	0	0
1899-0331	0	0	0	0	0	0	0	0	0	0
1899-0332	0	0	0	0	0	0	0	0	0	0
1899-0333	0	0	0	0	0	0	0	0	0	0
1899-0334	0	0	0	0	0	0	0	0	0	0
1899-0335	0	0	0	0	0	0	0	0	0	0
1899-0336	0	1	0	0	0	0	0	0	0	1
1899-0337	0	0	0	0	0	0	0	0	0	0
1899-0338	2	0	0	0	0	0	0	0	0	2
1899-0339	0	0	0	0	0	0	0	0	0	0
1899-0340	0	0	0	0	0	0	0	0	0	0
1899-0341	0	0	0	0	0	0	0	0	0	0
1899-0342	0	0	0	0	0	0	0	0	0	0
1899-0343	0	0	0	0	0	0	0	0	0	0
1899-0344	0	2	0	0	0	0	0	0	0	2
1899-0345	0	0	0	0	0	0	0	0	0	0
1899-0346	0	0	0	0	0	0	0	0	0	0
1899-0347	0	0	0	0	0	0	0	0	0	0
1899-0348	0	0	1	0	0	0	0	0	0	1
1899-0349	0	1	0	0	0	0	0	0	0	1
1899-0350	0	0	0	0	0	0	0	0	0	0
1899-0351	0	0	0	0	0	0	0	0	0	0
1899-0352	0	0	0	0	0	0	0	0	0	0
1899-0353	0	0	0	0	0	0	0	0	0	0
1899-0354	0	0	0	0	0	0	0	0	0	0
1899-0355	0	0	0	0	0	0	0	0	0	0
1899-0356	0	0	0	0	0	0	0	0	0	0
1899-0357	0	0	0	0	0	0	0	0	0	0
1899-0358	0	0	0	0	0	0	0	0	0	0
1899-0359	0	0	0	0	0	0	0	0	0	0
1899-0360	0	0	0	0	0	0	0	0	0	0
1899-0361	0	0	0	0	0	0	0	0	0	0
1899-0362	0	0	0	0	0	0	0	0	0	0
1899-0363	0	1	0	0	0	0	0	0	0	1
1899-0364	0	0	0	0	0	0	0	0	0	0
1899-0365	0	0	0	0	0	0	0	0	0	0
1899-0366	0	0	0	0	0	0	0	0	0	0
1899-0367	1	0	0	0	0	0	0	0	0	1
1899-0368	0	0	0	0	0	0	0	0	0	0
1899-0369	0	0	0	0	0	0	0	0	0	0
1899-0370	0	0	0	0	0	0	0	0	0	0
1899-0371	0	0	0	0	0	0	0	0	0	0
1899-0372	0	0	0	0	0	0	0	0	0	0
1899-0373	0	0	0	0	0	0	0	0	0	0
1899-0374	0	0	0	0	0	0	0	0	0	0
1899-0375	0	0	0	0	0	0	0	0	0	0
1899-0376	0	0	0	0	0	0	0	0	0	0
1899-0377	0	0	0	0	0	0	0	0	0	0
1899-0378	0	0	0	0	0	0	0	0	0	0
1899-0379	0	0	0	0	0	0	0	0	0	0
1899-0380	0	0	0	0	0	0	0	0	0	0
1899-0381	0	0	0	0	0	0	0	0	0	0
1899-0382	0	0	1	0	0	0	0	0	0	1
1899-0383	0	0	0	0	0	0	0	0	0	0
1899-0384	0	0	0	0	0	0	0	0	0	0
1899-0385	0	0	0	0	0	0	0	0	0	0
1899-0386	0	0	0	0	0	0	0	0	0	0
1899-0387	0	0	0	0	0	0	0	0	0	0
1899-0388	1	0	0	0	0	0	0	0	0	1
1899-0389	0	0	1	0	0	0	0	0	0	1
1899-0390	0	0	0	0	0	0	0	0	0	0
1899-0391	0	0	0	0	0	0	0	0	0	0
1899-0392	0	0	0	0	0	0	0	0	0	0
1899-0393	0	1	0	0	0	0	0	0	0	1
1899-0394	0	0	0	0	0	0	0	0	0	0
1899-0395	0	0	0	0	0	0	0	0	0	0
1899-0396	0	0	0	0	0	0	0	0	0	0
1899-0397	0	0	0	0	0	0	0	0	0	0
1899-0398	0	0	0	0	0	0	0	0	0	0
1899-0399	1	0	0	0	0	0	0	0	0	1
1899-0400	0	0	0	0	0	0	0	0	0	0
1899-0401	0	0	0	0	0	0	0	0	0	0
1899-0402	0	0	1	0	0	0	0	0	0	1
1899-0403	0	0	0	0	0	0	0	0	0	0
1899-0411	0	0	0	0	0	0	0	0	0	0
1899-0412	0	0	0	0	0	0	0	0	0	0
1899-0413	0	0	0	0	0	0	0	0	0	0
1899-0414	0	0	0	0	0	0	0	0	0	0
1899-0415	1	0	0	0	0	0	0	0	0	1
1899-0416	0	0	0	0	0	0	0	0	0	0
1899-0417	0	0	0	0	0	0	0	0	0	0
1899-0418	0	0	0	0	0	0	0	0	0	0
1899-0419	0	0	0	0	0	0	0	0	0	0
1899-0420	0	0	0	0	0	0	0	0	0	0
1899-0421	0	0	0	0	0	0	0	0	0	0
1899-0422	0	0	0	0	0	0	0	0	0	0
1899-0423	0	0	0	0	0	0	0	0	0	0
1899-0424	0	0	0	0	0	0	0	0	0	0
1899-0425	0	0	0	0	0	0	0	0	0	0
1899-0426	0	0	0	0	0	0	0	0	0	0
1899-0427	0	0	0	0	0	0	0	0	0	0
1899-0428	0	0	0	0	0	0	0	0	0	0
1900-0057	0	1	0	0	0	0	0	0	0	1
1900-0058	0	0	0	0	0	0	0	0	0	0
1900-0059	0	0	0	0	0	0	0	0	0	0
1900-0060	1	0	0	0	0	0	0	0	0	1
1900-0061	0	1	0	0	0	0	0	0	0	1
1900-0062	0	0	0	0	0	0	0	0	0	0
1900-0063	1	0	0	0	0	0	0	0	0	1
1900-0064	0	2	0	0	0	0	0	0	0	2
1900-0065	1	1	0	0	0	0	0	0	0	2
1900-0066	0	0	0	0	0	0	0	0	0	0
1900-0067	0	0	0	0	0	0	0	0	0	0
1900-0068	1	1	0	0	0	0	0	0	0	2
1900-0069	0	1	0	0	0	0	0	0	0	1
1900-0070	0	0	0	0	0	0	0	0	0	0
1900-0071	0	1	0	0	0	0	0	0	0	1
1900-0072	1	0	0	0	0	0	0	0	0	1
1900-0073	0	0	0	0	0	0	0	0	0	0
1900-0074	1	1	2	0	0	0	0	0	0	4
1900-0075	1	0	0	0	0	0	0	0	0	1
1900-0076	0	2	1	0	0	0	0	0	0	3
1900-0077	0	0	0	0	0	0	0	0	0	0
1900-0078	0	1	0	0	0	0	0	0	0	1
1900-0079	0	2	0	0	0	0	0	0	0	2
1900-0080	0	0	0	0	0	0	0	0	0	0
1900-0081	2	0	0	0	0	0	0	0	0	2
1900-0082	0	0	0	0	0	0	0	0	0	0
1900-0083	1	0	1	0	0	0	0	0	0	2
1900-0084	1	0	0	0	0	0	0	0	0	1
1900-0085	0	0	0	0	0	0	0	0	0	0
1900-0086	0	1	0	0	0	0	0	0	0	1
1900-0087	0	0	0	0	0	0	0	0	0	0
1900-0088	2	1	0	0	0	0	0	0	0	3
1900-0089	0	1	0	0	0	0	0	0	0	1
1900-0090	0	0	0	0	0	0	0	0	0	0
1900-0091	0	0	1	0	0	0	0	0	0	1
1900-0092	0	0	1	0	0	0	0	0	0	1
1900-0093	0	1	0	0	0	0	0	0	0	1
1900-0094	0	0	0	0	0	0	0	0	0	0
1900-0095	1	2	0	0	0	0	0	0	0	3
1900-0096	0	4	0	0	0	0	0	0	0	4
1900-0097	0	1	0	0	0	0	0	0	0	1
1900-0098	0	0	0	0	0	0	0	0	0	0
1900-0099	0	1	0	0	0	0	0	0	0	1
1900-0100	0	0	1	0	0	0	0	0	0	1
1900-0101	1	0	0	0	0	0	0	0	0	1
1900-0102	1	0	2	1	0	0	0	0	0	4
1900-0103	0	2	0	0	0	0	0	0	0	2
1900-0104	1	0	0	0	0	0	0	0	0	1
1900-0105	0	1	0	0	0	0	0	0	0	1
1900-0106	0	0	1	0	0	0	0	0	0	1
1900-0107	0	0	0	0	0	0	0	0	0	0
1900-0108	0	0	0	0	0	0	0	0	0	0
1900-0109	0	0	0	0	0	0	0	0	0	0
1900-0113	4	2	0	0	0	1	0	0	0	7
1900-0114	2	4	4	0	0	0	0	0	0	10
1900-0115	2	0	0	0	0	0	0	0	0	2
1900-0291	0	0	0	0	0	0	0	0	0	0
1900-0292	0	0	0	0	0	0	0	0	0	0
1900-0293	0	0	0	0	0	0	0	0	0	0
1900-0294	0	0	0	0	0	0	0	0	0	0
1900-0295	0	0	1	0	0	0	0	0	0	1
1900-0296	0	0	0	0	0	0	0	0	0	0
1900-0297	0	0	0	0	0	0	0	0	0	0
1900-0298	0	0	0	0	0	0	0	0	0	0
1900-0299	1	0	0	0	0	0	0	0	0	1
1900-0300	0	0	0	0	0	0	0	0	0	0
1900-0301	0	0	0	0	0	0	0	0	0	0
1900-0302	0	0	0	0	0	0	0	0	0	0
1900-0303	0	0	0	0	0	0	0	0	0	0
1900-0304	0	0	0	0	0	0	0	0	0	0
1900-0305	0	0	0	0	0	0	0	0	0	0
1900-0306	1	0	0	0	0	0	0	0	0	1
1900-0307	0	0	0	0	0	0	0	0	0	0
1900-0308	0	0	0	0	0	0	0	0	0	0
1900-0309	0	0	0	0	0	0	0	0	0	0
1900-0310	1	0	0	0	0	0	0	0	0	1
1900-0311	0	0	0	0	0	0	0	0	0	0
1900-0312	0	0	0	0	0	0	0	0	0	0
1900-0313	0	0	0	0	0	0	0	0	0	0
1900-0314	0	0	1	0	0	0	0	0	0	1
1900-0315	0	0	0	0	0	0	0	0	0	0
1900-0316	0	0	0	0	0	0	0	0	0	0
1900-0317	0	0	0	0	0	0	0	0	0	0
1900-0318	0	0	0	0	0	0	0	0	0	0
1900-0319	0	0	0	0	0	0	0	0	0	0
1900-0320	0	0	0	0	0	0	0	0	0	0
1900-0321	0	0	0	0	0	0	0	0	0	0
1900-0322	0	0	0	0	0	0	0	0	0	0
1900-0323	0	0	0	0	0	0	0	0	0	0
1900-0324	0	0	0	0	0	0	0	0	0	0
1900-0325	0	0	0	0	0	0	0	0	0	0
1900-0326	0	0	0	0	0	0	0	0	0	0
1900-0327	0	0	0	0	0	0	0	0	0	0
1900-0328	0	0	0	0	0	0	0	0	0	0
1900-0329	0	0	0	0	0	0	0	0	0	0
1900-0330	0	0	0	0	0	0	0	0	0	0
1900-0331	0	0	0	0	0	0	0	0	0	0
1900-0332	0	0	0	0	0	0	0	0	0	0
1900-0333	0	0	0	0	0	0	0	0	0	0
1900-0334	0	0	0	0	0	0	0	0	0	0
1900-0335	0	0	0	0	0	0	0	0	0	0
1900-0336	0	0	0	0	0	0	0	0	0	0
1900-0337	0	0	0	0	0	0	0	0	0	0
1900-0338	1	0	0	0	0	0	0	0	0	1
1900-0339	0	0	0	0	0	0	0	0	0	0
1900-0340	0	0	0	0	0	0	0	0	0	0
1900-0341	0	0	0	0	0	0	0	0	0	0
1900-0342	0	0	0	0	0	0	0	0	0	0
1900-0343	0	0	0	0	0	0	0	0	0	0
1900-0344	0	0	0	0	0	0	0	0	0	0
1900-0345	0	0	0	0	0	0	0	0	0	0
1900-0346	0	0	0	0	0	0	0	0	0	0
1900-0347	0	0	1	0	0	0	0	0	0	1
1900-0348	0	1	0	0	0	0	0	0	0	1
1900-0349	0	0	0	0	0	0	0	0	0	0
1900-0350	2	0	0	0	0	0	0	0	0	2
1900-0351	0	0	0	0	0	0	0	0	0	0
1900-0352	0	0	0	0	0	0	0	0	0	0
1900-0353	0	0	0	0	0	0	0	0	0	0
1900-0354	0	0	0	0	0	0	0	0	0	0
1900-0355	0	0	0	0	0	0	0	0	0	0
1900-0356	0	2	0	0	0	0	0	0	0	2
1900-0357	0	0	0	0	0	0	0	0	0	0
1900-0358	0	0	0	0	0	0	0	0	0	0
1900-0359	0	0	0	0	0	0	0	0	0	0
1900-0360	0	0	1	0	0	0	0	0	0	1
1900-0361	0	1	0	0	0	0	0	0	0	1
1900-0362	0	0	0	0	0	0	0	0	0	0
1900-0363	0	0	1	0	0	0	0	0	0	1
1900-0364	0	0	0	0	0	0	0	0	0	0
1900-0365	0	0	0	0	0	0	0	0	0	0
1900-0366	0	0	0	0	0	0	0	0	0	0
1900-0367	0	0	0	0	0	0	0	0	0	0
1900-0368	0	0	0	0	0	0	0	0	0	0
1900-0369	0	0	0	0	0	0	0	0	0	0
1900-0370	0	0	0	0	0	0	0	0	0	0
1900-0371	0	0	0	0	0	0	0	0	0	0
1900-0372	0	0	0	0	0	0	0	0	0	0
1900-0373	0	0	0	0	0	0	0	0	0	0
1900-0374	0	0	0	0	0	0	0	0	0	0
1900-0375	0	1	0	0	0	0	0	0	0	1
1900-0376	0	0	0	0	0	0	0	0	0	0
1900-0377	0	0	0	0	0	0	0	0	0	0
1900-0378	0	0	0	0	0	0	0	0	0	0
1900-0379	1	0	0	0	0	0	0	0	0	1
1900-0380	0	0	0	0	0	0	0	0	0	0
1900-0381	0	0	0	0	0	0	0	0	0	0
1900-0382	0	0	0	0	0	0	0	0	0	0
1900-0383	0	0	0	0	0	0	0	0	0	0
1900-0384	0	0	0	0	0	0	0	0	0	0
1900-0385	0	0	0	0	0	0	0	0	0	0
1900-0386	0	0	0	0	0	0	0	0	0	0
1900-0387	0	0	0	0	0	0	0	0	0	0
1900-0388	0	0	0	0	0	0	0	0	0	0
1900-0389	0	0	0	0	0	0	0	0	0	0
1900-0390	0	0	0	0	0	0	0	0	0	0
1900-0391	0	0	0	0	0	0	0	0	0	0
1900-0392	0	0	0	0	0	0	0	0	0	0
1900-0393	0	0	0	0	0	0	0	0	0	0
1900-0394	0	0	1	0	0	0	0	0	0	1
1900-0395	0	0	0	0	0	0	0	0	0	0
1900-0396	0	0	0	0	0	0	0	0	0	0
1900-0397	0	0	0	0	0	0	0	0	0	0
1900-0398	0	0	0	0	0	0	0	0	0	0
1900-0399	0	0	0	0	0	0	0	0	0	0
1900-0400	1	0	0	0	0	0	0	0	0	1
1900-0401	0	0	1	0	0	0	0	0	0	1
1900-0402	0	0	0	0	0	0	0	0	0	0
1900-0403	0	0	0	0	0	0	0	0	0	0
1900-0404	0	0	0	0	0	0	0	0	0	0
1900-0405	0	1	0	0	0	0	0	0	0	1
1900-0406	0	0	0	0	0	0	0	0	0	0
1900-0407	0	0	0	0	0	0	0	0	0	0
1900-0408	0	0	0	0	0	0	0	0	0	0
1900-0409	0	0	0	0	0	0	0	0	0	0
1900-0410	0	0	1	0	0	0	0	0	0	1
1900-0411	0	0	0	0	0	0	0	0	0	0
1900-0412	0	0	0	0	0	0	0	0	0	0
1900-0413	0	0	0	0	0	0	0	0	0	0
1900-0414	0	0	1	0	0	0	0	0	0	1
1900-0415	0	0	0	0	0	0	0	0	0	0
1900-0423	0	0	0	0	0	0	0	0	0	0
1900-0424	0	0	0	0	0	0	0	0	0	0
1900-0425	0	0	0	0	0	0	0	0	0	0
1900-0426	0	0	0	0	0	0	0	0	0	0
1900-0427	0	0	0	0	0	0	0	0	0	0
1900-0428	0	0	0	0	0	0	0	0	0	0
1900-0429	0	0	0	0	0	0	0	0	0	0
1900-0430	0	0	0	0	0	0	0	0	0	0
1900-0431	0	0	0	0	0	0	0	0	0	0
1900-0432	1	0	0	0	0	0	0	0	0	1
1900-0433	0	0	0	0	0	0	0	0	0	0
1900-0434	0	0	0	0	0	0	0	0	0	0
1900-0435	0	0	0	0	0	0	0	0	0	0
1900-0436	0	0	0	0	0	0	0	0	0	0
1900-0437	0	0	0	0	0	0	0	0	0	0
1900-0438	0	0	0	0	0	0	0	0	0	0
1901-0064	0	0	0	0	0	0	0	0	0	0
1901-0065	0	0	0	0	0	0	0	0	0	0
1901-0066	0	0	0	0	0	0	0	0	0	0
1901-0067	1	0	0	0	0	0	0	0	0	1
1901-0068	0	1	0	0	0	0	0	0	0	1
1901-0069	0	0	0	0	0	0	0	0	0	0
1901-0070	1	1	0	0	0	0	0	0	0	2
1901-0071	1	2	0	0	0	0	0	0	0	3
1901-0072	1	1	0	0	0	0	0	0	0	2
1901-0073	0	0	0	0	0	0	0	0	0	0
1901-0074	0	0	0	0	0	0	0	0	0	0
1901-0075	1	1	0	0	0	0	0	0	0	2
1901-0076	0	1	0	0	0	0	0	0	0	1
1901-0077	0	0	0	0	0	0	0	0	0	0
1901-0078	0	1	0	0	0	0	0	0	0	1
1901-0079	1	0	0	0	0	0	0	0	0	1
1901-0080	0	0	0	0	0	0	0	0	0	0
1901-0081	0	1	2	0	0	0	0	0	0	3
1901-0082	1	0	0	0	0	0	0	0	0	1
1901-0083	0	1	0	0	0	0	0	0	0	1
1901-0084	0	1	1	0	0	0	0	0	0	2
1901-0085	0	0	0	0	0	0	0	0	0	0
1901-0086	0	1	1	0	0	0	0	0	0	2
1901-0087	0	2	0	0	0	0	0	0	0	2
1901-0088	0	0	0	0	0	0	0	0	0	0
1901-0089	2	1	0	0	0	0	0	0	0	3
1901-0090	1	0	0	0	0	0	0	0	0	1
1901-0091	1	0	1	0	0	0	0	0	0	2
1901-0092	1	1	0	0	0	0	0	0	0	2
1901-0093	1	1	0	0	0	0	0	0	0	2
1901-0094	0	0	0	0	0	0	0	0	0	0
1901-0095	1	1	0	0	0	0	0	0	0	2
1901-0096	1	1	0	0	0	0	0	0	0	2
1901-0097	0	0	0	0	0	0	0	0	0	0
1901-0098	0	0	0	0	0	0	0	0	0	0
1901-0099	0	0	0	0	0	0	0	0	0	0
1901-0100	0	0	1	0	0	0	0	0	0	1
1901-0101	0	1	0	0	0	0	0	0	0	1
1901-0102	1	0	0	0	0	0	0	0	0	1
1901-0103	1	3	0	0	0	0	0	0	0	4
1901-0104	0	4	0	0	0	0	0	0	0	4
1901-0105	0	1	0	0	0	0	0	0	0	1
1901-0106	0	0	0	0	0	0	0	0	0	0
1901-0107	0	1	0	0	0	0	0	0	0	1
1901-0108	1	0	1	0	0	0	0	0	0	2
1901-0109	0	0	0	0	0	0	0	0	0	0
1901-0110	1	0	2	1	0	0	0	0	0	4
1901-0111	0	2	0	0	0	0	0	0	0	2
1901-0112	1	0	1	0	0	0	0	0	0	2
1901-0113	0	0	0	0	0	0	1	0	0	1
1901-0114	0	0	2	0	0	0	0	0	0	2
1901-0115	0	0	0	0	0	0	0	0	0	0
1901-0116	0	0	1	0	0	0	0	0	0	1
1901-0117	0	0	0	0	0	0	0	0	0	0
1901-0118	4	6	0	0	0	0	0	0	0	10
1901-0119	1	4	1	0	0	0	0	0	0	6
1901-0120	2	6	1	0	0	0	0	0	0	9
1901-0121	1	2	0	0	0	0	0	0	0	3
1901-0122	1	1	0	0	0	0	0	0	0	2
1901-0306	0	0	0	0	0	0	0	0	0	0
1901-0307	0	0	0	0	0	0	0	0	0	0
1901-0308	0	0	0	0	0	0	0	0	0	0
1901-0309	0	0	0	0	0	0	0	0	0	0
1901-0310	0	0	1	0	0	0	0	0	0	1
1901-0311	0	0	0	0	0	0	0	0	0	0
1901-0312	0	0	0	0	0	0	0	0	0	0
1901-0313	0	0	0	0	0	0	0	0	0	0
1901-0314	1	0	0	0	0	0	0	0	0	1
1901-0315	0	0	0	0	0	0	0	0	0	0
1901-0316	0	0	0	0	0	0	0	0	0	0
1901-0317	0	0	0	0	0	0	0	0	0	0
1901-0318	0	0	0	0	0	0	0	0	0	0
1901-0319	0	0	0	0	0	0	0	0	0	0
1901-0320	0	0	0	0	0	0	0	0	0	0
1901-0321	1	0	0	0	0	0	0	0	0	1
1901-0322	0	0	0	0	0	0	0	0	0	0
1901-0323	0	0	0	0	0	0	0	0	0	0
1901-0324	0	0	0	0	0	0	0	0	0	0
1901-0325	1	0	0	0	0	0	0	0	0	1
1901-0326	0	0	0	0	0	0	0	0	0	0
1901-0327	0	0	0	0	0	0	0	0	0	0
1901-0328	0	0	0	0	0	0	0	0	0	0
1901-0329	0	0	1	0	0	0	0	0	0	1
1901-0330	1	0	0	0	0	0	0	0	0	1
1901-0331	0	0	0	0	0	0	0	0	0	0
1901-0332	0	0	0	0	0	0	0	0	0	0
1901-0333	0	0	0	0	0	0	0	0	0	0
1901-0334	0	0	0	0	0	0	0	0	0	0
1901-0335	0	0	0	0	0	0	0	0	0	0
1901-0336	0	0	0	0	0	0	0	0	0	0
1901-0337	0	0	0	0	0	0	0	0	0	0
1901-0338	0	0	0	0	0	0	0	0	0	0
1901-0339	0	0	0	0	0	0	0	0	0	0
1901-0340	0	0	0	0	0	0	0	0	0	0
1901-0341	0	0	0	0	0	0	0	0	0	0
1901-0342	0	0	0	0	0	0	0	0	0	0
1901-0343	0	0	0	0	0	0	0	0	0	0
1901-0344	0	0	0	0	0	0	0	0	0	0
1901-0345	0	0	0	0	0	0	0	0	0	0
1901-0346	0	0	0	0	0	0	0	0	0	0
1901-0347	0	0	0	0	0	0	0	0	0	0
1901-0348	0	0	0	0	0	0	0	0	0	0
1901-0349	0	0	0	0	0	0	0	0	0	0
1901-0350	0	0	0	0	0	0	0	0	0	0
1901-0351	0	0	0	0	0	0	0	0	0	0
1901-0352	0	0	0	0	0	0	0	0	0	0
1901-0353	0	2	0	0	0	0	0	0	0	2
1901-0354	0	0	0	0	0	0	0	0	0	0
1901-0355	0	0	0	0	0	0	0	0	0	0
1901-0356	0	0	0	0	0	0	0	0	0	0
1901-0357	0	0	0	0	0	0	0	0	0	0
1901-0358	0	0	0	0	0	0	0	0	0	0
1901-0359	0	0	0	0	0	0	0	0	0	0
1901-0360	0	0	0	0	0	0	0	0	0	0
1901-0361	0	0	0	0	0	0	0	0	0	0
1901-0362	0	0	1	0	0	0	0	0	0	1
1901-0363	0	0	0	0	0	0	0	0	0	0
1901-0364	0	1	0	0	0	0	0	0	0	1
1901-0365	2	0	0	0	0	0	0	0	0	2
1901-0366	0	0	0	0	0	0	0	0	0	0
1901-0367	0	0	0	0	0	0	0	0	0	0
1901-0368	0	0	0	0	0	0	0	0	0	0
1901-0369	0	0	0	0	0	0	0	0	0	0
1901-0370	0	0	0	0	0	0	0	0	0	0
1901-0371	0	2	0	0	0	0	0	0	0	2
1901-0372	0	0	0	0	0	0	0	0	0	0
1901-0373	0	0	0	0	0	0	0	0	0	0
1901-0374	0	0	0	0	0	0	0	0	0	0
1901-0375	0	0	0	0	0	0	0	0	0	0
1901-0376	0	1	1	0	0	0	0	0	0	2
1901-0377	0	0	0	0	0	0	0	0	0	0
1901-0378	0	0	0	0	0	0	0	0	0	0
1901-0379	0	0	0	0	0	0	0	0	0	0
1901-0380	0	0	0	0	0	0	0	0	0	0
1901-0381	0	0	0	0	0	0	0	0	0	0
1901-0382	0	0	0	0	0	0	0	0	0	0
1901-0383	0	0	0	0	0	0	0	0	0	0
1901-0384	0	0	0	0	0	0	0	0	0	0
1901-0385	0	0	0	0	0	0	0	0	0	0
1901-0386	0	0	0	0	0	0	0	0	0	0
1901-0387	0	0	0	0	0	0	0	0	0	0
1901-0388	0	0	0	0	0	0	0	0	0	0
1901-0389	0	0	0	0	0	0	0	0	0	0
1901-0390	0	0	0	0	0	0	0	0	0	0
1901-0391	0	1	0	0	0	0	0	0	0	1
1901-0392	0	0	0	0	0	0	0	0	0	0
1901-0393	0	0	0	0	0	0	0	0	0	0
1901-0394	0	0	0	0	0	0	0	0	0	0
1901-0395	1	0	0	0	0	0	0	0	0	1
1901-0396	0	0	0	0	0	0	0	0	0	0
1901-0397	0	0	0	0	0	0	0	0	0	0
1901-0398	0	0	0	0	0	0	0	0	0	0
1901-0399	0	0	0	0	0	0	0	0	0	0
1901-0400	0	0	0	0	0	0	0	0	0	0
1901-0401	0	0	0	0	0	0	0	0	0	0
1901-0402	0	0	0	0	0	0	0	0	0	0
1901-0403	0	0	0	0	0	0	0	0	0	0
1901-0404	0	0	0	0	0	0	0	0	0	0
1901-0405	0	0	0	0	0	0	0	0	0	0
1901-0406	0	0	0	0	0	0	0	0	0	0
1901-0407	0	0	0	0	0	0	0	0	0	0
1901-0408	0	0	0	0	0	0	0	0	0	0
1901-0409	0	0	0	0	0	0	0	0	0	0
1901-0410	0	0	1	0	0	0	0	0	0	1
1901-0411	0	0	0	0	0	0	0	0	0	0
1901-0412	0	0	0	0	0	0	0	0	0	0
1901-0413	0	0	0	0	0	0	0	0	0	0
1901-0414	1	0	0	0	0	0	0	0	0	1
1901-0415	0	0	0	0	0	0	0	0	0	0
1901-0416	1	0	0	0	0	0	0	0	0	1
1901-0417	0	0	1	0	0	0	0	0	0	1
1901-0418	0	0	0	0	0	0	0	0	0	0
1901-0419	0	0	0	0	0	0	0	0	0	0
1901-0420	0	1	0	0	0	0	0	0	0	1
1901-0421	0	1	0	0	0	0	0	0	0	1
1901-0422	0	0	0	0	0	0	0	0	0	0
1901-0423	0	0	0	0	0	0	0	0	0	0
1901-0424	0	0	0	0	0	0	0	0	0	0
1901-0425	0	0	0	0	0	0	0	0	0	0
1901-0426	0	0	1	0	0	0	0	0	0	1
1901-0427	0	0	0	0	0	0	0	0	0	0
1901-0428	0	0	0	0	0	0	0	0	0	0
1901-0429	0	0	0	0	0	0	0	0	0	0
1901-0430	0	0	1	0	0	0	0	0	0	1
1901-0431	0	0	0	0	0	0	0	0	0	0
1901-0432	0	0	0	0	0	0	0	0	0	0
1901-0438	0	0	0	0	0	0	0	0	0	0
1901-0439	0	0	0	0	0	0	0	0	0	0
1901-0440	0	0	0	0	0	0	0	0	0	0
1901-0441	0	0	0	0	0	0	0	0	0	0
1901-0442	0	0	0	0	0	0	0	0	0	0
1901-0443	0	0	0	0	0	0	0	0	0	0
1901-0444	0	0	0	0	0	0	0	0	0	0
1901-0445	0	0	0	0	0	0	0	0	0	0
1901-0446	1	0	0	0	0	0	0	0	0	1
1901-0447	0	0	0	0	0	0	0	0	0	0
1901-0448	0	0	0	0	0	0	0	0	0	0
1901-0449	0	0	0	0	0	0	0	0	0	0
1901-0450	0	0	0	0	0	0	0	0	0	0
1901-0451	0	0	0	0	0	0	0	0	0	0
1901-0452	0	0	0	0	0	0	0	0	0	0
1902-0067	0	0	0	0	0	0	0	0	0	0
1902-0068	0	0	0	0	0	0	0	0	0	0
1902-0069	0	1	0	0	0	0	0	0	0	1
1902-0070	1	0	0	0	0	0	0	0	0	1
1902-0071	0	1	0	0	0	0	0	0	0	1
1902-0072	0	0	0	0	0	0	0	0	0	0
1902-0073	1	1	0	0	0	0	0	0	0	2
1902-0074	1	1	0	0	0	0	0	0	0	2
1902-0075	0	2	0	0	0	0	0	0	0	2
1902-0076	0	0	0	0	0	0	0	0	0	0
1902-0077	0	0	0	0	0	0	0	0	0	0
1902-0078	0	1	0	0	0	0	0	0	0	1
1902-0079	0	0	0	0	0	0	0	0	0	0
1902-0080	0	1	0	0	0	0	0	0	0	1
1902-0081	0	1	0	0	0	0	0	0	0	1
1902-0082	0	1	0	0	0	0	0	0	0	1
1902-0083	1	0	0	0	0	0	0	0	0	1
1902-0084	0	0	1	0	0	0	0	0	0	1
1902-0085	0	1	2	0	0	0	0	0	0	3
1902-0086	1	0	0	0	0	0	0	0	0	1
1902-0087	0	1	0	0	0	0	0	0	0	1
1902-0088	0	1	1	0	0	0	0	0	0	2
1902-0089	0	0	0	0	0	0	0	0	0	0
1902-0090	0	0	0	0	0	0	0	0	0	0
1902-0091	1	2	0	0	0	0	0	0	0	3
1902-0092	0	0	0	0	0	0	0	0	0	0
1902-0093	1	0	0	0	0	0	0	0	0	1
1902-0094	1	0	0	0	0	0	0	0	0	1
1902-0095	1	0	0	0	0	0	0	0	0	1
1902-0096	0	1	1	0	0	0	0	0	0	2
1902-0097	1	1	0	0	0	0	0	0	0	2
1902-0098	1	0	0	0	0	0	0	0	0	1
1902-0099	0	1	0	0	0	0	0	0	0	1
1902-0100	0	0	0	0	0	0	0	0	0	0
1902-0101	1	1	0	0	0	0	0	0	0	2
1902-0102	0	1	0	0	0	0	0	0	0	1
1902-0103	0	0	0	0	0	0	0	0	0	0
1902-0104	0	0	0	0	0	0	0	0	0	0
1902-0105	0	0	1	0	0	0	0	0	0	1
1902-0106	0	0	0	0	0	0	0	0	0	0
1902-0107	0	1	0	0	0	0	0	0	0	1
1902-0108	1	0	0	0	0	0	0	0	0	1
1902-0109	1	2	0	0	0	0	0	0	0	3
1902-0110	0	4	0	0	0	0	0	0	0	4
1902-0111	0	1	0	0	0	0	0	0	0	1
1902-0112	0	0	0	0	0	0	0	0	0	0
1902-0113	0	1	0	0	0	0	0	0	0	1
1902-0114	0	0	1	0	0	0	0	0	0	1
1902-0115	1	0	0	0	0	0	0	0	0	1
1902-0116	0	0	1	1	0	0	0	0	0	2
1902-0117	2	0	1	0	0	0	0	0	0	3
1902-0118	1	2	2	0	0	0	0	0	0	5
1902-0119	0	0	0	0	0	0	0	0	0	0
1902-0120	0	1	0	0	0	0	0	0	0	1
1902-0121	0	0	1	0	0	0	0	0	0	1
1902-0122	0	0	0	0	0	0	0	0	0	0
1902-0123	0	0	1	0	0	0	0	0	0	1
1902-0139	6	8	0	0	0	0	0	0	0	14
1902-0140	1	3	2	0	0	0	0	0	0	6
1902-0141	1	5	1	0	0	0	0	0	0	7
1902-0142	2	2	0	0	0	0	0	0	0	4
1902-0143	1	1	0	0	0	0	0	0	0	2
1902-0325	0	0	0	0	0	0	0	0	0	0
1902-0326	0	0	0	0	0	0	0	0	0	0
1902-0327	0	0	0	0	0	0	0	0	0	0
1902-0328	0	0	0	0	0	0	0	0	0	0
1902-0329	0	0	0	0	0	0	0	0	0	0
1902-0330	1	0	1	0	0	0	0	0	0	2
1902-0331	0	0	0	0	0	0	0	0	0	0
1902-0332	0	0	0	0	0	0	0	0	0	0
1902-0333	1	0	0	0	0	0	0	0	0	1
1902-0334	0	0	0	0	0	0	0	0	0	0
1902-0335	0	0	0	0	0	0	0	0	0	0
1902-0336	0	0	0	0	0	0	0	0	0	0
1902-0337	0	0	0	0	0	0	0	0	0	0
1902-0338	0	0	0	0	0	0	0	0	0	0
1902-0339	0	0	0	0	0	0	0	0	0	0
1902-0340	0	0	0	0	0	0	0	0	0	0
1902-0341	1	0	0	0	0	0	0	0	0	1
1902-0342	0	0	0	0	0	0	0	0	0	0
1902-0343	0	0	0	0	0	0	0	0	0	0
1902-0344	0	0	0	0	0	0	0	0	0	0
1902-0345	1	0	0	0	0	0	0	0	0	1
1902-0346	0	0	0	0	0	0	0	0	0	0
1902-0347	0	0	0	0	0	0	0	0	0	0
1902-0348	0	0	0	0	0	0	0	0	0	0
1902-0349	0	0	1	0	0	0	0	0	0	1
1902-0350	1	0	0	0	0	0	0	0	0	1
1902-0351	0	0	0	0	0	0	0	0	0	0
1902-0352	0	0	0	0	0	0	0	0	0	0
1902-0353	0	0	0	0	0	0	0	0	0	0
1902-0354	1	0	0	0	0	0	0	0	0	1
1902-0355	0	0	0	0	0	0	0	0	0	0
1902-0356	0	0	0	0	0	0	0	0	0	0
1902-0357	0	0	0	0	0	0	0	0	0	0
1902-0358	0	0	0	0	0	0	0	0	0	0
1902-0359	0	0	0	0	0	0	0	0	0	0
1902-0360	0	0	0	0	0	0	0	0	0	0
1902-0361	0	0	0	0	0	0	0	0	0	0
1902-0362	1	0	0	0	0	0	0	0	0	1
1902-0363	0	0	0	0	0	0	0	0	0	0
1902-0364	0	0	0	0	0	0	0	0	0	0
1902-0365	0	0	0	0	0	0	0	0	0	0
1902-0366	0	0	0	0	0	0	0	0	0	0
1902-0367	0	0	0	0	0	0	0	0	0	0
1902-0368	0	0	0	0	0	0	0	0	0	0
1902-0369	0	0	0	0	0	0	0	0	0	0
1902-0370	0	0	0	0	0	0	0	0	0	0
1902-0371	0	0	0	0	0	0	0	0	0	0
1902-0372	0	0	0	0	0	0	0	0	0	0
1902-0373	0	2	0	0	0	0	0	0	0	2
1902-0374	0	0	0	0	0	0	0	0	0	0
1902-0375	0	0	0	0	0	0	0	0	0	0
1902-0376	0	0	0	0	0	0	0	0	0	0
1902-0377	0	0	0	0	0	0	0	0	0	0
1902-0378	0	0	0	0	0	0	0	0	0	0
1902-0379	0	0	0	0	0	0	0	0	0	0
1902-0380	0	0	0	0	0	0	0	0	0	0
1902-0381	0	0	0	0	0	0	0	0	0	0
1902-0382	0	0	1	0	0	0	0	0	0	1
1902-0383	0	0	0	0	0	0	0	0	0	0
1902-0384	0	0	0	0	0	0	0	0	0	0
1902-0385	2	0	1	0	0	0	0	0	0	3
1902-0386	0	0	0	0	0	0	0	0	0	0
1902-0387	0	0	0	0	0	0	0	0	0	0
1902-0388	0	0	0	0	0	0	0	0	0	0
1902-0389	0	0	0	0	0	0	0	0	0	0
1902-0390	0	0	0	0	0	0	0	0	0	0
1902-0391	0	2	0	0	0	0	0	0	0	2
1902-0392	0	0	0	0	0	0	0	0	0	0
1902-0393	0	0	0	0	0	0	0	0	0	0
1902-0394	0	0	0	0	0	0	0	0	0	0
1902-0395	0	0	0	0	0	0	0	0	0	0
1902-0396	0	1	1	0	0	0	0	0	0	2
1902-0397	0	0	0	0	0	0	0	0	0	0
1902-0398	0	0	0	0	0	0	0	0	0	0
1902-0399	0	0	0	0	0	0	0	0	0	0
1902-0400	0	0	0	0	0	0	0	0	0	0
1902-0401	0	0	0	0	0	0	0	0	0	0
1902-0402	0	0	0	0	0	0	0	0	0	0
1902-0403	0	0	0	0	0	0	0	0	0	0
1902-0404	0	0	0	0	0	0	0	0	0	0
1902-0405	0	0	0	0	0	0	0	0	0	0
1902-0406	0	0	0	0	0	0	0	0	0	0
1902-0407	0	0	0	0	0	0	0	0	0	0
1902-0408	0	0	0	0	0	0	0	0	0	0
1902-0409	0	0	0	0	0	0	0	0	0	0
1902-0410	0	0	0	0	0	0	0	0	0	0
1902-0411	0	1	0	0	0	0	0	0	0	1
1902-0412	0	0	0	0	0	0	0	0	0	0
1902-0413	0	0	0	0	0	0	0	0	0	0
1902-0414	0	0	0	0	0	0	0	0	0	0
1902-0415	1	0	0	0	0	0	0	0	0	1
1902-0416	0	0	0	0	0	0	0	0	0	0
1902-0417	0	0	0	0	0	0	0	0	0	0
1902-0418	0	0	0	0	0	0	0	0	0	0
1902-0419	0	0	0	0	0	0	0	0	0	0
1902-0420	0	0	0	0	0	0	0	0	0	0
1902-0421	0	0	0	0	0	0	0	0	0	0
1902-0422	0	0	0	0	0	0	0	0	0	0
1902-0423	0	0	0	0	0	0	0	0	0	0
1902-0424	0	0	0	0	0	0	0	0	0	0
1902-0425	0	0	0	0	0	0	0	0	0	0
1902-0426	0	0	0	0	0	0	0	0	0	0
1902-0427	0	0	0	0	0	0	0	0	0	0
1902-0428	0	0	0	0	0	0	0	0	0	0
1902-0429	0	0	0	0	0	0	0	0	0	0
1902-0430	0	0	0	0	0	0	0	0	0	0
1902-0431	0	0	1	0	0	0	0	0	0	1
1902-0432	0	0	0	0	0	0	0	0	0	0
1902-0433	0	0	0	0	0	0	0	0	0	0
1902-0434	0	0	0	0	0	0	0	0	0	0
1902-0435	0	0	1	0	0	0	0	0	0	1
1902-0436	1	0	0	0	0	0	0	0	0	1
1902-0437	0	0	0	0	0	0	0	0	0	0
1902-0438	1	0	1	0	0	0	0	0	0	2
1902-0439	0	0	0	0	0	0	0	0	0	0
1902-0440	0	0	0	0	0	0	0	0	0	0
1902-0441	0	1	0	0	0	0	0	0	0	1
1902-0442	0	1	0	0	0	0	0	0	0	1
1902-0443	0	0	0	0	0	0	0	0	0	0
1902-0444	0	0	0	0	0	0	0	0	0	0
1902-0445	0	0	0	0	0	0	0	0	0	0
1902-0446	0	0	1	0	0	0	0	0	0	1
1902-0447	0	0	0	0	0	0	0	0	0	0
1902-0448	0	0	1	0	0	0	0	0	0	1
1902-0449	0	0	0	0	0	0	0	0	0	0
1902-0450	0	0	0	0	0	0	0	0	0	0
1902-0451	0	0	1	0	0	0	0	0	0	1
1902-0452	0	0	0	0	0	0	0	0	0	0
1902-0453	0	0	0	0	0	0	0	0	0	0
1902-0457	0	0	0	0	0	0	0	0	0	0
1902-0458	0	0	0	0	0	0	0	0	0	0
1902-0459	0	0	0	0	0	0	0	0	0	0
1902-0460	0	0	0	0	0	0	0	0	0	0
1902-0461	0	0	0	0	0	0	0	0	0	0
1902-0462	0	0	0	0	0	0	0	0	0	0
1902-0463	0	0	0	0	0	0	0	0	0	0
1902-0464	0	0	0	0	0	0	0	0	0	0
1902-0465	1	0	0	0	0	0	0	0	0	1
1902-0466	0	0	0	0	0	0	0	0	0	0
1902-0467	0	0	0	0	0	0	0	0	0	0
1902-0468	0	0	0	0	0	0	0	0	0	0
1902-0469	0	0	0	0	0	0	0	0	0	0
1902-0470	1	0	0	0	0	0	0	0	0	1
1902-0471	0	0	0	0	0	0	0	0	0	0
1903-0057	0	0	0	0	0	0	0	0	0	0
1903-0058	0	0	0	0	0	0	0	0	0	0
1903-0059	0	1	0	0	0	0	0	0	0	1
1903-0060	1	0	0	0	0	0	0	0	0	1
1903-0061	0	1	0	0	0	0	0	0	0	1
1903-0062	0	0	0	0	0	0	0	0	0	0
1903-0063	1	1	0	0	0	0	0	0	0	2
1903-0064	1	1	0	0	0	0	0	0	0	2
1903-0065	0	2	0	0	0	0	0	0	0	2
1903-0066	0	0	0	0	0	0	0	0	0	0
1903-0067	0	0	0	0	0	0	0	0	0	0
1903-0068	0	1	0	0	0	0	0	0	0	1
1903-0069	0	0	0	0	0	0	0	0	0	0
1903-0070	0	1	0	0	0	0	0	0	0	1
1903-0071	0	1	0	0	0	0	0	0	0	1
1903-0072	0	1	0	0	0	0	0	0	0	1
1903-0073	1	0	0	0	0	0	0	0	0	1
1903-0074	0	0	1	0	0	0	0	0	0	1
1903-0075	0	1	2	0	0	0	0	0	0	3
1903-0076	1	0	0	0	0	0	0	0	0	1
1903-0077	0	1	0	0	0	0	0	0	0	1
1903-0078	0	1	1	0	0	0	0	0	0	2
1903-0079	0	0	0	0	0	0	0	0	0	0
1903-0080	0	0	0	0	0	0	0	0	0	0
1903-0081	1	2	0	0	0	0	0	0	0	3
1903-0082	0	0	0	0	0	0	0	0	0	0
1903-0083	1	0	0	0	0	0	0	0	0	1
1903-0084	1	0	0	0	0	0	0	0	0	1
1903-0085	1	0	0	0	0	0	0	0	0	1
1903-0086	0	1	1	0	0	0	0	0	0	2
1903-0087	1	1	0	0	0	0	0	0	0	2
1903-0088	1	0	0	0	0	0	0	0	0	1
1903-0089	0	1	0	0	0	0	0	0	0	1
1903-0090	0	0	0	0	0	0	0	0	0	0
1903-0091	1	1	0	0	0	0	0	0	0	2
1903-0092	0	1	0	0	0	0	0	0	0	1
1903-0093	0	0	0	0	0	0	0	0	0	0
1903-0094	0	0	0	0	0	0	0	0	0	0
1903-0095	0	0	1	0	0	0	0	0	0	1
1903-0096	0	0	0	0	0	0	0	0	0	0
1903-0097	0	1	0	0	0	0	0	0	0	1
1903-0098	1	0	0	0	0	0	0	0	0	1
1903-0099	1	2	0	0	0	0	0	0	0	3
1903-0100	0	4	0	0	0	0	0	0	0	4
1903-0101	0	1	0	0	0	0	0	0	0	1
1903-0102	0	0	0	0	0	0	0	0	0	0
1903-0103	0	1	0	0	0	0	0	0	0	1
1903-0104	0	0	1	0	0	0	0	0	0	1
1903-0105	1	0	0	0	0	0	0	0	0	1
1903-0106	0	0	1	1	0	0	0	0	0	2
1903-0107	2	0	1	0	0	0	0	0	0	3
1903-0108	1	2	2	0	0	0	0	0	0	5
1903-0109	0	0	0	0	0	0	0	0	0	0
1903-0110	0	0	0	0	0	0	0	0	0	0
1903-0111	0	0	1	0	0	0	0	0	0	1
1903-0112	0	0	0	0	0	0	0	0	0	0
1903-0113	0	0	1	0	0	0	0	0	0	1
1903-0129	6	8	0	0	0	0	0	0	0	14
1903-0130	1	3	2	0	0	0	0	0	0	6
1903-0131	1	5	1	0	0	0	0	0	0	7
1903-0132	2	2	0	0	0	0	0	0	0	4
1903-0133	1	1	0	0	0	0	0	0	0	2
1903-0134	0	0	0	0	0	0	0	0	0	0
1903-0135	0	0	0	0	0	0	0	0	0	0
1903-0136	0	0	0	0	0	0	0	0	0	0
1903-0137	0	0	0	0	0	0	0	0	0	0
1903-0138	0	0	0	0	0	0	0	0	0	0
1903-0139	1	0	0	0	0	0	0	0	0	1
1903-0140	1	1	0	0	0	0	0	0	0	2
1903-0141	0	0	0	0	0	0	0	0	0	0
1903-0142	0	0	0	0	0	0	0	0	0	0
1903-0143	1	0	0	0	0	0	0	0	0	1
1903-0144	0	0	0	0	0	0	0	0	0	0
1903-0145	0	0	0	0	0	0	0	0	0	0
1903-0146	0	0	0	0	0	0	0	0	0	0
1903-0147	0	0	0	0	0	0	0	0	0	0
1903-0315	0	0	0	0	0	0	0	0	0	0
1903-0316	0	0	0	0	0	0	0	0	0	0
1903-0317	0	0	0	0	0	0	0	0	0	0
1903-0318	0	0	0	0	0	0	0	0	0	0
1903-0319	0	0	0	0	0	0	0	0	0	0
1903-0320	1	0	1	0	0	0	0	0	0	2
1903-0321	0	0	0	0	0	0	0	0	0	0
1903-0322	0	0	0	0	0	0	0	0	0	0
1903-0323	1	0	0	0	0	0	0	0	0	1
1903-0324	0	0	0	0	0	0	0	0	0	0
1903-0325	0	0	0	0	0	0	0	0	0	0
1903-0326	0	0	0	0	0	0	0	0	0	0
1903-0327	0	0	0	0	0	0	0	0	0	0
1903-0328	0	0	0	0	0	0	0	0	0	0
1903-0329	1	0	0	0	0	0	0	0	0	1
1903-0330	0	0	0	0	0	0	0	0	0	0
1903-0331	0	0	0	0	0	0	0	0	0	0
1903-0332	0	0	0	0	0	0	0	0	0	0
1903-0333	1	0	0	0	0	0	0	0	0	1
1903-0334	0	0	0	0	0	0	0	0	0	0
1903-0335	0	0	0	0	0	0	0	0	0	0
1903-0336	0	0	0	0	0	0	0	0	0	0
1903-0337	0	0	1	0	0	0	0	0	0	1
1903-0338	1	0	0	0	0	0	0	0	0	1
1903-0339	0	0	0	0	0	0	0	0	0	0
1903-0340	0	0	0	0	0	0	0	0	0	0
1903-0341	0	0	0	0	0	0	0	0	0	0
1903-0342	1	0	0	0	0	0	0	0	0	1
1903-0343	0	0	0	0	0	0	0	0	0	0
1903-0344	0	0	0	0	0	0	0	0	0	0
1903-0345	0	0	0	0	0	0	0	0	0	0
1903-0346	0	0	0	0	0	0	0	0	0	0
1903-0347	0	0	0	0	0	0	0	0	0	0
1903-0348	0	0	0	0	0	0	0	0	0	0
1903-0349	0	0	0	0	0	0	0	0	0	0
1903-0350	1	0	0	0	0	0	0	0	0	1
1903-0351	0	0	0	0	0	0	0	0	0	0
1903-0352	0	0	0	0	0	0	0	0	0	0
1903-0353	0	0	0	0	0	0	0	0	0	0
1903-0354	0	0	0	0	0	0	0	0	0	0
1903-0355	0	0	0	0	0	0	0	0	0	0
1903-0356	0	0	0	0	0	0	0	0	0	0
1903-0357	0	0	0	0	0	0	0	0	0	0
1903-0358	0	0	0	0	0	0	0	0	0	0
1903-0359	0	0	0	0	0	0	0	0	0	0
1903-0360	0	0	0	0	0	0	0	0	0	0
1903-0361	0	2	0	0	0	0	0	0	0	2
1903-0362	0	0	0	0	0	0	0	0	0	0
1903-0363	0	0	0	0	0	0	0	0	0	0
1903-0364	0	0	0	0	0	0	0	0	0	0
1903-0365	0	0	0	0	0	0	0	0	0	0
1903-0366	0	0	0	0	0	0	0	0	0	0
1903-0367	0	0	0	0	0	0	0	0	0	0
1903-0368	0	0	0	0	0	0	0	0	0	0
1903-0369	0	0	0	0	0	0	0	0	0	0
1903-0370	0	0	1	0	0	0	0	0	0	1
1903-0371	0	0	0	0	0	0	0	0	0	0
1903-0372	0	0	0	0	0	0	0	0	0	0
1903-0373	2	0	1	0	0	0	0	0	0	3
1903-0374	0	0	0	0	0	0	0	0	0	0
1903-0375	0	0	0	0	0	0	0	0	0	0
1903-0376	0	0	0	0	0	0	0	0	0	0
1903-0377	0	0	0	0	0	0	0	0	0	0
1903-0378	0	0	0	0	0	0	0	0	0	0
1903-0379	0	2	0	0	0	0	0	0	0	2
1903-0380	0	0	0	0	0	0	0	0	0	0
1903-0381	0	0	0	0	0	0	0	0	0	0
1903-0382	0	0	0	0	0	0	0	0	0	0
1903-0383	0	0	0	0	0	0	0	0	0	0
1903-0384	0	1	1	0	0	0	0	0	0	2
1903-0385	0	0	0	0	0	0	0	0	0	0
1903-0386	0	0	0	0	0	0	0	0	0	0
1903-0387	0	0	0	0	0	0	0	0	0	0
1903-0388	0	0	0	0	0	0	0	0	0	0
1903-0389	0	0	0	0	0	0	0	0	0	0
1903-0390	0	0	0	0	0	0	0	0	0	0
1903-0391	0	0	0	0	0	0	0	0	0	0
1903-0392	0	0	0	0	0	0	0	0	0	0
1903-0393	0	0	0	0	0	0	0	0	0	0
1903-0394	0	0	0	0	0	0	0	0	0	0
1903-0395	0	0	0	0	0	0	0	0	0	0
1903-0396	0	0	0	0	0	0	0	0	0	0
1903-0397	0	0	0	0	0	0	0	0	0	0
1903-0398	0	0	0	0	0	0	0	0	0	0
1903-0399	0	1	0	0	0	0	0	0	0	1
1903-0400	0	0	0	0	0	0	0	0	0	0
1903-0401	0	0	0	0	0	0	0	0	0	0
1903-0402	0	0	0	0	0	0	0	0	0	0
1903-0403	1	0	0	0	0	0	0	0	0	1
1903-0404	0	0	0	0	0	0	0	0	0	0
1903-0405	0	0	0	0	0	0	0	0	0	0
1903-0406	0	0	0	0	0	0	0	0	0	0
1903-0407	0	0	0	0	0	0	0	0	0	0
1903-0408	0	0	0	0	0	0	0	0	0	0
1903-0409	0	0	0	0	0	0	0	0	0	0
1903-0410	0	0	0	0	0	0	0	0	0	0
1903-0411	0	0	0	0	0	0	0	0	0	0
1903-0412	0	0	0	0	0	0	0	0	0	0
1903-0413	0	0	0	0	0	0	0	0	0	0
1903-0414	0	0	0	0	0	0	0	0	0	0
1903-0415	0	0	0	0	0	0	0	0	0	0
1903-0416	0	0	0	0	0	0	0	0	0	0
1903-0417	0	0	0	0	0	0	0	0	0	0
1903-0418	0	0	0	0	0	0	0	0	0	0
1903-0419	0	0	1	0	0	0	0	0	0	1
1903-0420	0	0	0	0	0	0	0	0	0	0
1903-0421	0	0	0	0	0	0	0	0	0	0
1903-0422	0	0	0	0	0	0	0	0	0	0
1903-0423	0	0	1	0	0	0	0	0	0	1
1903-0424	1	0	0	0	0	0	0	0	0	1
1903-0425	0	0	0	0	0	0	0	0	0	0
1903-0426	1	0	1	0	0	0	0	0	0	2
1903-0427	0	0	0	0	0	0	0	0	0	0
1903-0428	0	0	0	0	0	0	0	0	0	0
1903-0429	0	1	0	0	0	0	0	0	0	1
1903-0430	0	1	0	0	0	0	0	0	0	1
1903-0431	0	0	0	0	0	0	0	0	0	0
1903-0432	0	0	0	0	0	0	0	0	0	0
1903-0433	0	0	0	0	0	0	0	0	0	0
1903-0434	0	0	1	0	0	0	0	0	0	1
1903-0435	0	0	0	0	0	0	0	0	0	0
1903-0436	0	0	1	0	0	0	0	0	0	1
1903-0437	0	0	0	0	0	0	0	0	0	0
1903-0438	0	0	0	0	0	0	0	0	0	0
1903-0439	0	0	1	0	0	0	0	0	0	1
1903-0440	0	0	0	0	0	0	0	0	0	0
1903-0441	0	0	0	0	0	0	0	0	0	0
1903-0445	0	0	0	0	0	0	0	0	0	0
1903-0446	0	0	0	0	0	0	0	0	0	0
1903-0447	0	0	0	0	0	0	0	0	0	0
1903-0448	0	0	0	0	0	0	0	0	0	0
1903-0449	0	0	0	0	0	0	0	0	0	0
1903-0450	0	0	0	0	0	0	0	0	0	0
1903-0451	0	0	0	0	0	0	0	0	0	0
1903-0452	0	0	0	0	0	0	0	0	0	0
1903-0453	1	0	0	0	0	0	0	0	0	1
1903-0454	0	0	0	0	0	0	0	0	0	0
1903-0455	0	0	0	0	0	0	0	0	0	0
1903-0456	0	0	0	0	0	0	0	0	0	0
1903-0457	0	0	0	0	0	0	0	0	0	0
1903-0458	1	0	0	0	0	0	0	0	0	1
1903-0459	0	0	0	0	0	0	0	0	0	0
1903-0460	0	0	0	0	0	0	0	0	0	0
1903-0461	0	0	0	0	0	0	0	0	0	0
1903-0462	0	0	0	0	0	0	0	0	0	0
1903-0463	0	0	0	0	0	0	0	0	0	0
1903-0464	0	0	0	0	0	0	0	0	0	0
1903-0465	0	0	0	0	0	0	0	0	0	0
1903-0466	0	0	0	0	0	0	0	0	0	0
1903-0467	0	0	0	0	0	0	0	0	0	0
1903-0468	0	0	0	0	0	0	0	0	0	0
1903-0469	0	0	0	0	0	0	0	0	0	0
1903-0470	0	0	0	0	0	0	0	0	0	0
1903-0471	0	0	0	0	0	0	0	0	0	0
1903-0472	0	0	0	0	0	0	0	0	0	0
1903-0473	0	0	0	0	0	0	0	0	0	0
1903-0474	0	0	0	0	0	0	0	0	0	0
1903-0475	0	0	0	0	0	0	0	0	0	0
1903-0476	0	0	0	0	0	0	0	0	0	0
1903-0477	0	0	0	0	0	0	0	0	0	0
1903-0478	0	0	0	0	0	0	0	0	0	0
1903-0479	0	0	0	0	0	0	0	0	0	0
1903-0480	0	0	0	0	0	0	0	0	0	0
1903-0481	0	0	0	0	0	0	0	0	0	0
1903-0482	0	0	0	0	0	0	0	0	0	0
1903-0483	0	0	0	0	0	0	0	0	0	0
1903-0484	0	0	0	0	0	0	0	0	0	0
1903-0485	0	0	0	0	0	0	0	0	0	0
1903-0486	0	0	0	0	0	0	0	0	0	0
1903-0487	0	0	0	0	0	0	0	0	0	0
1903-0488	0	0	0	0	0	0	0	0	0	0
1903-0489	0	0	0	0	0	0	0	0	0	0
1903-0490	0	0	0	0	0	0	0	0	0	0
1903-0491	0	0	0	0	0	0	0	0	0	0
1903-0492	0	0	0	0	0	0	0	0	0	0
1903-0493	0	0	0	0	0	0	0	0	0	0
1903-0494	0	0	0	0	0	0	0	0	0	0
1903-0495	0	0	0	0	0	0	0	0	0	0
1903-0496	0	0	0	0	0	0	0	0	0	0
1903-0497	0	0	0	0	0	0	0	0	0	0
1903-0498	0	0	0	0	0	0	0	0	0	0
1903-0499	0	0	0	0	0	0	0	0	0	0
1903-0500	0	0	0	0	0	0	0	0	0	0
1903-0501	0	0	0	0	0	0	0	0	0	0
1903-0502	0	0	0	0	0	0	0	0	0	0
1903-0503	0	0	0	0	0	0	0	0	0	0
1903-0504	0	0	0	0	0	0	0	0	0	0
1903-0505	0	0	0	0	0	0	0	0	0	0
1903-0506	0	0	0	0	0	0	0	0	0	0
1903-0507	0	0	0	0	0	0	0	0	0	0
1903-0508	0	0	0	0	0	0	0	0	0	0
1903-0509	0	0	0	0	0	0	0	0	0	0
1903-0510	0	0	0	0	0	0	0	0	0	0
1903-0511	0	0	0	0	0	0	0	0	0	0
1903-0512	0	0	0	0	0	0	0	0	0	0
1903-0513	0	0	0	0	0	0	0	0	0	0
1903-0514	0	0	0	0	0	0	0	0	0	0
1903-0515	0	0	0	0	0	0	0	0	0	0
1903-0516	0	0	0	0	0	1	0	0	0	1
1903-0517	0	0	0	0	0	0	0	0	0	0
1903-0518	0	0	0	0	0	0	0	0	0	0
1903-0519	0	0	0	0	0	0	0	0	0	0
1903-0520	0	0	0	0	0	0	0	0	0	0
1903-0521	0	0	0	0	0	0	0	0	0	0
1903-0522	0	0	0	0	0	0	0	0	0	0
1903-0523	0	0	0	0	0	0	0	0	0	0
1903-0524	0	0	0	0	0	0	0	0	0	0
1903-0525	0	0	0	0	0	0	0	0	0	0
1903-0526	0	0	0	0	0	0	0	0	0	0
1903-0527	0	0	0	0	0	0	0	0	0	0
1903-0528	0	0	0	0	0	0	0	0	0	0
1903-0529	0	0	0	0	0	0	0	0	0	0
1903-0530	0	0	0	0	0	0	0	0	0	0
1903-0531	0	0	0	0	0	0	0	0	0	0
1903-0532	0	0	0	0	0	0	0	0	0	0
1903-0533	0	0	0	0	0	0	0	0	0	0
1903-0534	0	0	0	0	0	0	0	0	0	0
1903-0535	0	0	0	0	0	0	0	0	0	0
1903-0536	0	0	0	0	0	0	0	0	0	0
1903-0537	0	0	0	0	0	0	0	0	0	0
1903-0538	0	0	0	0	0	0	0	0	0	0
1903-0539	0	0	0	0	0	0	0	0	0	0
1903-0540	0	0	0	0	0	0	0	0	0	0
1903-0541	0	0	0	0	0	0	0	0	0	0
1903-0542	0	0	0	0	0	0	0	0	0	0
1903-0543	0	0	0	0	0	0	0	0	0	0
1903-0544	0	0	0	0	0	0	0	0	0	0
1903-0545	0	0	0	0	0	0	0	0	0	0
1904-0062	0	0	0	0	0	0	0	0	0	0
1904-0063	0	0	0	0	0	0	0	0	0	0
1904-0064	0	1	0	0	0	0	0	0	0	1
1904-0065	0	0	1	0	0	0	0	0	0	1
1904-0066	0	0	0	0	0	0	0	0	0	0
1904-0067	1	1	0	0	0	0	0	0	0	2
1904-0068	0	0	0	0	0	0	0	0	0	0
1904-0069	0	0	0	0	0	0	0	0	0	0
1904-0070	1	1	0	0	0	0	0	0	0	2
1904-0071	1	1	0	0	0	0	0	0	0	2
1904-0072	0	1	1	0	0	0	0	0	0	2
1904-0073	0	0	0	0	0	0	0	0	0	0
1904-0074	0	1	2	0	0	0	0	0	0	3
1904-0075	0	1	0	0	0	0	0	0	0	1
1904-0076	0	1	0	0	0	0	0	0	0	1
1904-0077	0	0	0	0	0	0	0	0	0	0
1904-0078	0	1	0	0	0	0	0	0	0	1
1904-0079	0	0	0	0	0	0	0	0	0	0
1904-0080	0	3	0	0	0	0	0	0	0	3
1904-0081	1	0	0	0	0	0	0	0	0	1
1904-0082	1	0	0	0	0	0	0	0	0	1
1904-0083	0	0	0	0	0	0	0	0	0	0
1904-0084	0	1	1	0	0	0	0	0	0	2
1904-0085	1	0	1	0	0	0	0	0	0	2
1904-0086	0	0	0	0	0	0	0	0	0	0
1904-0087	0	1	0	0	0	0	0	0	0	1
1904-0088	0	1	1	0	0	0	0	0	0	2
1904-0089	0	0	0	0	0	0	0	0	0	0
1904-0090	0	0	0	0	0	0	0	0	0	0
1904-0091	1	1	0	0	0	0	0	0	0	2
1904-0092	2	1	0	0	0	0	0	0	0	3
1904-0093	0	0	0	0	0	0	0	0	0	0
1904-0094	2	0	1	0	0	0	0	0	0	3
1904-0095	1	0	0	0	0	0	0	0	0	1
1904-0096	1	0	0	0	0	0	0	0	0	1
1904-0097	0	1	3	0	0	0	0	0	0	4
1904-0098	1	1	0	0	0	0	0	0	0	2
1904-0099	0	0	0	0	0	0	0	0	0	0
1904-0100	1	1	0	0	0	0	0	0	0	2
1904-0101	0	0	0	0	0	0	0	0	0	0
1904-0102	1	0	0	0	0	0	0	0	0	1
1904-0103	2	0	0	0	0	0	0	0	0	2
1904-0104	0	1	1	0	0	0	0	0	0	2
1904-0105	0	0	0	0	0	0	0	0	0	0
1904-0106	1	0	1	0	0	0	0	0	0	2
1904-0107	0	0	0	0	0	0	0	0	0	0
1904-0108	0	0	1	0	0	0	0	0	0	1
1904-0109	0	0	0	0	0	0	0	0	0	0
1904-0110	0	1	0	0	0	0	0	0	0	1
1904-0111	0	0	0	0	0	0	0	0	0	0
1904-0112	1	1	0	0	0	0	0	0	0	2
1904-0113	0	2	0	0	0	0	0	0	0	2
1904-0114	0	3	0	0	0	0	0	0	0	3
1904-0115	0	1	0	0	0	0	0	0	0	1
1904-0116	0	0	0	0	0	0	0	0	0	0
1904-0117	0	1	0	0	0	0	0	0	0	1
1904-0118	0	0	0	0	0	0	0	0	0	0
1904-0119	1	0	1	0	0	0	0	0	0	2
1904-0120	1	0	0	0	0	0	0	0	0	1
1904-0121	1	0	1	1	0	0	0	0	0	3
1904-0122	0	0	0	0	0	0	0	0	0	0
1904-0123	0	4	0	0	0	0	0	0	0	4
1904-0124	1	0	0	0	0	0	0	0	0	1
1904-0125	0	1	0	0	0	0	0	0	0	1
1904-0126	0	0	2	0	0	0	0	0	0	2
1904-0127	0	0	0	0	0	0	0	0	0	0
1904-0128	0	0	0	0	0	0	0	0	0	0
1904-0129	0	0	1	0	0	0	0	0	0	1
1904-0152	5	7	0	0	0	0	0	0	0	12
1904-0153	1	4	2	0	0	0	0	0	0	7
1904-0154	3	2	1	0	0	0	0	0	0	6
1904-0155	3	3	1	0	0	0	0	0	0	7
1904-0156	1	1	0	0	0	0	0	0	0	2
1904-0356	1	0	0	0	0	0	0	0	0	1
1904-0357	0	0	0	0	0	0	0	0	0	0
1904-0358	0	0	0	0	0	0	0	0	0	0
1904-0359	0	0	0	0	0	0	0	0	0	0
1904-0360	0	0	0	0	0	0	0	0	0	0
1904-0361	0	0	1	0	0	0	0	0	0	1
1904-0362	0	0	0	0	0	0	0	0	0	0
1904-0363	0	0	0	0	0	0	0	0	0	0
1904-0364	1	0	0	0	0	0	0	0	0	1
1904-0365	0	0	0	0	0	0	0	0	0	0
1904-0366	0	0	0	0	0	0	0	0	0	0
1904-0367	0	0	0	0	0	0	0	0	0	0
1904-0368	0	0	0	0	0	0	0	0	0	0
1904-0369	0	0	0	0	0	0	0	0	0	0
1904-0370	0	0	0	0	0	0	0	0	0	0
1904-0371	1	0	0	0	0	0	0	0	0	1
1904-0372	0	0	0	0	0	0	0	0	0	0
1904-0373	0	0	0	0	0	0	0	0	0	0
1904-0374	0	0	0	0	0	0	0	0	0	0
1904-0375	0	0	0	0	0	0	0	0	0	0
1904-0376	0	0	0	0	0	0	0	0	0	0
1904-0377	0	0	0	0	0	0	0	0	0	0
1904-0378	0	0	0	0	0	0	0	0	0	0
1904-0379	0	0	0	0	0	0	0	0	0	0
1904-0380	1	0	0	0	0	0	0	0	0	1
1904-0381	0	0	0	0	0	0	0	0	0	0
1904-0382	0	0	0	0	0	0	0	0	0	0
1904-0383	0	0	0	0	0	0	0	0	0	0
1904-0384	0	0	1	0	0	0	0	0	0	1
1904-0385	1	0	0	0	0	0	0	0	0	1
1904-0386	0	0	0	0	0	0	0	0	0	0
1904-0387	0	0	0	0	0	0	0	0	0	0
1904-0388	0	0	0	0	0	0	0	0	0	0
1904-0389	1	0	0	0	0	0	0	0	0	1
1904-0390	0	0	0	0	0	0	0	0	0	0
1904-0391	0	0	0	0	0	0	0	0	0	0
1904-0392	0	0	0	0	0	0	0	0	0	0
1904-0393	0	0	0	0	0	0	0	0	0	0
1904-0394	0	0	0	0	0	0	0	0	0	0
1904-0395	0	0	0	0	0	0	0	0	0	0
1904-0396	0	0	0	0	0	0	0	0	0	0
1904-0397	1	0	0	0	0	0	0	0	0	1
1904-0398	0	0	1	0	0	0	0	0	0	1
1904-0399	0	0	0	0	0	0	0	0	0	0
1904-0400	0	0	0	0	0	0	0	0	0	0
1904-0401	0	0	0	0	0	0	0	0	0	0
1904-0402	0	0	0	0	0	0	0	0	0	0
1904-0403	0	0	0	0	0	0	0	0	0	0
1904-0404	0	0	0	0	0	0	0	0	0	0
1904-0405	0	0	0	0	0	0	0	0	0	0
1904-0406	0	0	0	0	0	0	0	0	0	0
1904-0407	0	0	0	0	0	0	0	0	0	0
1904-0408	0	1	0	0	0	0	0	0	0	1
1904-0409	1	0	1	0	0	0	0	0	0	2
1904-0410	0	0	0	0	0	0	0	0	0	0
1904-0411	0	0	0	0	0	0	0	0	0	0
1904-0412	0	0	0	0	0	0	0	0	0	0
1904-0413	0	0	0	0	0	0	0	0	0	0
1904-0414	0	0	0	0	0	0	0	0	0	0
1904-0415	0	0	0	0	0	0	0	0	0	0
1904-0416	0	0	0	0	0	0	0	0	0	0
1904-0417	0	0	1	0	0	0	0	0	0	1
1904-0418	0	0	0	0	0	0	0	0	0	0
1904-0419	0	0	0	0	0	0	0	0	0	0
1904-0420	1	0	0	0	0	0	0	0	0	1
1904-0421	0	0	0	0	0	0	0	0	0	0
1904-0422	0	0	0	0	0	0	0	0	0	0
1904-0423	0	0	0	0	0	0	0	0	0	0
1904-0424	0	0	0	0	0	0	0	0	0	0
1904-0425	0	0	0	0	0	0	0	0	0	0
1904-0426	0	1	0	0	0	0	0	0	0	1
1904-0427	0	0	0	0	0	0	0	0	0	0
1904-0428	0	0	0	0	0	0	0	0	0	0
1904-0429	0	0	0	0	0	0	0	0	0	0
1904-0430	0	0	0	0	0	0	0	0	0	0
1904-0431	0	1	1	0	0	0	0	0	0	2
1904-0432	0	0	0	0	0	0	0	0	0	0
1904-0433	0	0	0	0	0	0	0	0	0	0
1904-0434	0	0	0	0	0	0	0	0	0	0
1904-0435	0	0	0	0	0	0	0	0	0	0
1904-0436	0	0	0	0	0	0	0	0	0	0
1904-0437	0	0	0	0	0	0	0	0	0	0
1904-0438	0	0	0	0	0	0	0	0	0	0
1904-0439	1	0	0	0	0	0	0	0	0	1
1904-0440	0	0	0	0	0	0	0	0	0	0
1904-0441	0	0	0	0	0	0	0	0	0	0
1904-0442	0	0	1	0	0	0	0	0	0	1
1904-0443	0	0	0	0	0	0	0	0	0	0
1904-0444	0	0	0	0	0	0	0	0	0	0
1904-0445	0	0	0	0	0	0	0	0	0	0
1904-0446	0	1	0	0	0	0	0	0	0	1
1904-0447	0	0	0	0	0	0	0	0	0	0
1904-0448	0	0	1	0	0	0	0	0	0	1
1904-0449	0	0	0	0	0	0	0	0	0	0
1904-0450	1	0	0	0	0	0	0	0	0	1
1904-0451	0	0	0	0	0	0	0	0	0	0
1904-0452	0	0	0	0	0	0	0	0	0	0
1904-0453	0	0	0	0	0	0	0	0	0	0
1904-0454	0	0	0	0	0	0	0	0	0	0
1904-0455	0	0	0	0	0	0	0	0	0	0
1904-0456	1	0	0	0	0	0	0	0	0	1
1904-0457	0	0	0	0	0	0	0	0	0	0
1904-0458	0	0	0	0	0	0	0	0	0	0
1904-0459	0	0	0	0	0	0	0	0	0	0
1904-0460	0	0	0	0	0	0	0	0	0	0
1904-0461	0	0	0	0	0	0	0	0	0	0
1904-0462	0	0	0	0	0	0	0	0	0	0
1904-0463	0	0	0	0	0	0	0	0	0	0
1904-0464	0	0	0	0	0	0	0	0	0	0
1904-0465	0	0	0	0	0	0	0	0	0	0
1904-0466	0	0	0	0	0	0	0	0	0	0
1904-0467	0	0	0	0	0	0	0	0	0	0
1904-0468	0	0	0	0	0	0	0	0	0	0
1904-0469	0	0	0	0	0	0	0	0	0	0
1904-0470	0	0	1	0	0	0	0	0	0	1
1904-0471	1	0	0	0	0	0	0	0	0	1
1904-0472	1	0	0	0	0	0	0	0	0	1
1904-0473	1	0	0	0	0	0	0	0	0	1
1904-0474	0	0	2	0	0	0	0	0	0	2
1904-0475	0	0	0	0	0	0	0	0	0	0
1904-0476	0	0	0	0	0	0	0	0	0	0
1904-0477	0	0	0	0	0	0	0	0	0	0
1904-0478	0	1	0	0	0	0	0	0	0	1
1904-0479	0	0	0	0	0	0	0	0	0	0
1904-0480	0	0	0	0	0	0	0	0	0	0
1904-0481	0	0	1	0	0	0	0	0	0	1
1904-0482	0	0	0	0	0	0	0	0	0	0
1904-0483	0	0	1	0	0	0	0	0	0	1
1904-0484	0	0	0	0	0	0	0	0	0	0
1904-0485	0	0	0	0	0	0	0	0	0	0
1904-0486	0	0	0	0	0	0	0	0	0	0
1904-0487	0	0	1	0	0	0	0	0	0	1
1904-0488	0	0	0	0	0	0	0	0	0	0
1904-0494	0	0	0	0	0	0	0	0	0	0
1904-0495	0	0	0	0	0	0	0	0	0	0
1904-0496	0	0	0	0	0	0	0	0	0	0
1904-0497	0	0	0	0	0	0	0	0	0	0
1904-0498	0	0	0	0	0	0	0	0	0	0
1904-0499	0	0	0	0	0	0	0	0	0	0
1904-0500	0	0	0	0	0	0	0	0	0	0
1904-0501	1	0	0	0	0	0	0	0	0	1
1904-0502	0	0	0	0	0	0	0	0	0	0
1904-0503	0	0	0	0	0	0	0	0	0	0
1904-0504	0	0	0	0	0	0	0	0	0	0
1904-0505	0	0	0	0	0	0	0	0	0	0
1904-0506	1	0	0	0	0	0	0	0	0	1
1904-0507	0	0	0	0	0	0	0	0	0	0
1904-0508	0	0	0	0	0	0	0	0	0	0
1904-0509	0	0	0	0	0	0	0	0	0	0
1904-0510	0	0	0	0	0	0	0	0	0	0
1904-0511	0	1	0	0	0	0	0	0	0	1
1904-0512	0	0	0	0	0	0	0	0	0	0
1904-0513	0	0	0	0	0	0	0	0	0	0
1904-0514	0	0	0	0	0	0	0	0	0	0
1904-0515	0	0	0	0	0	0	0	0	0	0
1904-0516	0	0	0	0	0	0	0	0	0	0
1904-0517	0	0	0	0	0	0	0	0	0	0
1904-0518	0	0	0	0	0	0	0	0	0	0
1904-0519	0	0	0	0	0	0	0	0	0	0
1904-0520	0	0	0	0	0	0	0	0	0	0
1904-0521	0	0	0	0	0	0	0	0	0	0
1904-0522	0	0	0	0	0	0	0	0	0	0
1904-0523	0	0	0	0	0	0	0	0	0	0
1904-0524	0	0	0	0	0	0	0	0	0	0
1904-0525	0	0	0	0	0	0	0	0	0	0
1904-0526	0	0	0	0	0	0	0	0	0	0
1904-0527	0	0	0	0	0	0	0	0	0	0
1904-0528	0	0	0	0	0	0	0	0	0	0
1904-0529	0	0	0	0	0	0	0	0	0	0
1904-0530	0	0	0	0	0	0	0	0	0	0
1904-0531	0	0	0	0	0	0	0	0	0	0
1904-0532	0	0	1	0	0	0	0	0	0	1
1904-0533	0	0	0	0	0	0	0	0	0	0
1904-0534	0	0	0	0	0	0	0	0	0	0
1904-0535	0	0	0	0	0	0	0	0	0	0
1904-0536	0	0	0	0	0	0	0	0	0	0
1904-0537	0	0	0	0	0	0	0	0	0	0
1904-0538	0	0	0	0	0	0	0	0	0	0
1904-0539	0	0	0	0	0	0	0	0	0	0
1904-0540	0	0	0	0	0	0	0	0	0	0
1904-0541	0	0	0	0	0	0	0	0	0	0
1904-0542	0	0	0	0	0	0	0	0	0	0
1904-0543	0	0	0	0	0	0	0	0	0	0
1904-0544	0	0	0	0	0	0	0	0	0	0
1904-0545	0	0	0	0	0	0	0	0	0	0
1904-0546	0	0	0	0	0	0	0	0	0	0
1904-0547	0	0	0	0	0	0	0	0	0	0
1904-0548	0	0	0	0	0	0	0	0	0	0
1904-0549	0	0	0	0	0	0	0	0	0	0
1904-0550	0	0	0	0	0	0	0	0	0	0
1904-0551	0	0	0	0	0	0	0	0	0	0
1904-0552	0	0	0	0	0	0	0	0	0	0
1904-0553	0	0	0	0	0	0	0	0	0	0
1904-0554	0	0	0	0	0	0	0	0	0	0
1904-0555	0	0	0	0	0	0	0	0	0	0
1904-0556	0	0	0	0	0	0	0	0	0	0
1904-0557	0	0	0	0	0	0	0	0	0	0
1904-0558	0	0	0	0	0	0	0	0	0	0
1904-0559	0	0	0	0	0	0	0	0	0	0
1904-0560	0	0	0	0	0	0	0	0	0	0
1904-0561	0	0	0	0	0	0	0	0	0	0
1904-0562	0	0	0	0	0	0	0	0	0	0
1904-0563	0	0	0	0	0	0	0	0	0	0
1904-0564	0	0	0	0	0	0	0	0	0	0
1904-0565	0	0	0	0	0	0	0	0	0	0
1904-0566	0	0	0	0	0	0	0	0	0	0
1904-0567	0	0	0	0	0	0	0	0	0	0
1904-0568	0	0	0	0	0	0	0	0	0	0
1904-0569	0	0	0	0	0	0	0	0	0	0
1904-0570	0	0	0	0	0	0	0	0	0	0
1904-0571	0	0	0	0	0	0	0	0	0	0
1904-0572	0	0	0	0	0	0	0	0	0	0
1904-0573	0	0	0	0	0	0	0	0	0	0
1904-0574	0	0	0	0	0	0	0	0	0	0
1904-0575	0	0	0	0	0	0	0	0	0	0
1904-0576	0	0	0	0	0	0	0	0	0	0
1904-0577	0	0	0	0	0	0	0	0	0	0
1904-0578	0	0	0	0	0	0	0	0	0	0
1904-0579	0	0	0	0	0	0	0	0	0	0
1904-0580	0	0	0	0	0	0	0	0	0	0
1904-0581	0	0	0	0	0	0	0	0	0	0
1904-0582	0	0	0	0	0	0	0	0	0	0
1904-0583	0	0	0	0	0	0	0	0	0	0
1904-0584	0	0	0	0	0	0	0	0	0	0
1904-0585	0	0	1	0	0	0	0	0	0	1
1904-0586	0	0	0	0	0	0	0	0	0	0
1904-0587	0	0	0	0	0	0	0	0	0	0
1904-0588	0	0	0	0	0	0	0	0	0	0
1905-0061	0	0	0	0	0	0	0	0	0	0
1905-0062	0	0	0	0	0	0	0	0	0	0
1905-0063	0	1	0	0	0	0	0	0	0	1
1905-0064	0	0	1	0	0	0	0	0	0	1
1905-0065	0	0	0	0	0	0	0	0	0	0
1905-0066	1	0	0	0	0	0	0	0	0	1
1905-0067	0	1	0	0	0	0	0	0	0	1
1905-0068	0	0	0	0	0	0	0	0	0	0
1905-0069	1	0	0	0	0	0	0	0	0	1
1905-0070	1	1	0	0	0	0	0	0	0	2
1905-0071	0	2	0	0	0	0	0	0	0	2
1905-0072	0	0	0	0	0	0	0	0	0	0
1905-0073	0	0	0	0	0	0	0	0	0	0
1905-0074	0	1	2	0	0	0	0	0	0	3
1905-0075	0	0	0	0	0	0	0	0	0	0
1905-0076	0	1	0	0	0	0	0	0	0	1
1905-0077	0	0	0	0	0	0	0	0	0	0
1905-0078	0	1	0	0	0	0	0	0	0	1
1905-0079	0	0	0	0	0	0	0	0	0	0
1905-0080	0	2	0	0	0	0	0	0	0	2
1905-0081	1	1	0	0	0	0	0	0	0	2
1905-0082	1	0	0	0	0	0	0	0	0	1
1905-0083	0	0	1	0	0	0	0	0	0	1
1905-0084	0	1	0	0	0	0	0	0	0	1
1905-0085	1	1	1	0	0	0	0	0	0	3
1905-0086	0	0	1	0	0	0	0	0	0	1
1905-0087	0	1	0	0	0	0	0	0	0	1
1905-0088	0	2	0	0	0	0	0	0	0	2
1905-0089	0	0	0	0	0	0	0	0	0	0
1905-0090	0	0	0	0	0	0	0	0	0	0
1905-0091	1	0	0	0	0	0	0	0	0	1
1905-0092	1	2	0	0	0	0	0	0	0	3
1905-0093	1	0	0	0	0	0	0	0	0	1
1905-0094	2	0	0	0	0	0	0	0	0	2
1905-0095	1	0	1	0	0	0	0	0	0	2
1905-0096	0	0	0	0	0	0	0	0	0	0
1905-0097	1	1	2	0	0	0	0	0	0	4
1905-0098	0	0	1	0	0	0	0	0	0	1
1905-0099	1	1	0	0	0	0	0	0	0	2
1905-0100	0	0	0	0	0	0	0	0	0	0
1905-0101	1	1	0	0	0	0	0	0	0	2
1905-0102	0	0	0	0	0	0	0	0	0	0
1905-0103	1	0	0	0	0	0	0	0	0	1
1905-0104	1	0	0	0	0	0	0	0	0	1
1905-0105	0	1	1	0	0	0	0	0	0	2
1905-0106	0	0	0	0	0	0	0	0	0	0
1905-0107	1	1	0	0	0	0	0	0	0	2
1905-0108	0	0	0	0	0	0	0	0	0	0
1905-0109	0	0	1	0	0	0	0	0	0	1
1905-0110	0	0	0	0	0	0	0	0	0	0
1905-0111	0	1	0	0	0	0	0	0	0	1
1905-0112	0	0	0	0	0	0	0	0	0	0
1905-0113	0	1	0	0	0	0	0	0	0	1
1905-0114	1	2	0	0	0	0	0	0	0	3
1905-0115	0	0	1	0	0	0	0	0	0	1
1905-0116	0	3	0	0	0	0	0	0	0	3
1905-0117	0	1	0	0	0	0	0	0	0	1
1905-0118	0	0	0	0	0	0	0	0	0	0
1905-0119	0	1	0	0	0	0	0	0	0	1
1905-0120	0	0	0	0	0	0	0	0	0	0
1905-0121	2	0	0	0	0	0	0	1	0	3
1905-0122	0	0	0	0	0	0	0	0	0	0
1905-0123	1	0	1	0	0	0	0	0	0	2
1905-0124	0	0	0	0	0	0	0	0	0	0
1905-0125	0	2	1	0	0	0	0	0	0	3
1905-0126	1	1	0	0	0	0	0	0	0	2
1905-0127	0	0	0	0	0	0	0	0	0	0
1905-0128	0	0	2	0	0	0	0	0	0	2
1905-0129	0	0	0	0	0	0	0	0	0	0
1905-0130	0	0	0	0	0	0	0	0	0	0
1905-0131	0	0	1	0	0	0	0	0	0	1
1905-0132	0	0	0	0	0	0	0	0	0	0
1905-0159	6	7	0	0	0	0	0	0	0	13
1905-0160	2	3	2	0	0	0	0	0	0	7
1905-0161	3	3	1	0	0	0	0	0	0	7
1905-0162	3	3	1	0	0	0	0	0	0	7
1905-0163	1	1	0	0	0	0	0	0	0	2
1905-0369	1	0	0	0	0	0	0	0	0	1
1905-0370	0	0	0	0	0	0	0	0	0	0
1905-0371	0	0	0	0	0	0	0	0	0	0
1905-0372	0	0	0	0	0	0	0	0	0	0
1905-0373	0	0	0	0	0	0	0	0	0	0
1905-0374	0	0	1	0	0	0	0	0	0	1
1905-0375	0	0	0	0	0	0	0	0	0	0
1905-0376	0	0	0	0	0	0	0	0	0	0
1905-0377	0	0	0	0	0	0	0	0	0	0
1905-0378	1	0	0	0	0	0	0	0	0	1
1905-0379	0	0	0	0	0	0	0	0	0	0
1905-0380	0	0	0	0	0	0	0	0	0	0
1905-0381	0	0	0	0	0	0	0	0	0	0
1905-0382	0	0	0	0	0	0	0	0	0	0
1905-0383	0	0	0	0	0	0	0	0	0	0
1905-0384	0	0	0	0	0	0	0	0	0	0
1905-0385	0	0	0	0	0	0	0	0	0	0
1905-0386	1	0	0	0	0	0	0	0	0	1
1905-0387	0	0	0	0	0	0	0	0	0	0
1905-0388	0	0	0	0	0	0	0	0	0	0
1905-0389	0	0	0	0	0	0	0	0	0	0
1905-0390	1	0	0	0	0	0	0	0	0	1
1905-0391	0	0	0	0	0	0	0	0	0	0
1905-0392	0	0	0	0	0	0	0	0	0	0
1905-0393	0	0	0	0	0	0	0	0	0	0
1905-0394	0	0	1	0	0	0	0	0	0	1
1905-0395	1	0	0	0	0	0	0	0	0	1
1905-0396	0	0	0	0	0	0	0	0	0	0
1905-0397	0	0	0	0	0	0	0	0	0	0
1905-0398	0	0	0	0	0	0	0	0	0	0
1905-0399	0	0	0	0	0	0	0	0	0	0
1905-0400	1	0	0	0	0	0	0	0	0	1
1905-0401	0	0	0	0	0	0	0	0	0	0
1905-0402	0	0	0	0	0	0	0	0	0	0
1905-0403	0	0	0	0	0	0	0	0	0	0
1905-0404	0	0	0	0	0	0	0	0	0	0
1905-0405	0	0	0	0	0	0	0	0	0	0
1905-0406	0	0	0	0	0	0	0	0	0	0
1905-0407	0	0	0	0	0	0	0	0	0	0
1905-0408	0	0	0	0	0	0	0	0	0	0
1905-0409	1	0	1	0	0	0	0	0	0	2
1905-0410	0	0	0	0	0	0	0	0	0	0
1905-0411	0	0	0	0	0	0	0	0	0	0
1905-0412	0	0	0	0	0	0	0	0	0	0
1905-0413	0	0	0	0	0	0	0	0	0	0
1905-0414	0	0	0	0	0	0	0	0	0	0
1905-0415	0	0	0	0	0	0	0	0	0	0
1905-0416	0	0	0	0	0	0	0	0	0	0
1905-0417	0	0	0	0	0	0	0	0	0	0
1905-0418	0	0	0	0	0	0	0	0	0	0
1905-0419	0	1	0	0	0	0	0	0	0	1
1905-0420	1	0	0	0	0	0	0	0	0	1
1905-0421	0	0	1	0	0	0	0	0	0	1
1905-0422	0	0	0	0	0	0	0	0	0	0
1905-0423	0	0	0	0	0	0	0	0	0	0
1905-0424	0	0	0	0	0	0	0	0	0	0
1905-0425	0	0	0	0	0	0	0	0	0	0
1905-0426	0	0	0	0	0	0	0	0	0	0
1905-0427	0	0	0	0	0	0	0	0	0	0
1905-0428	0	0	0	0	0	0	0	0	0	0
1905-0429	0	1	0	0	0	0	0	0	0	1
1905-0430	0	0	0	0	0	0	0	0	0	0
1905-0431	0	0	0	0	0	0	0	0	0	0
1905-0432	1	0	0	0	0	0	0	0	0	1
1905-0433	0	0	0	0	0	0	0	0	0	0
1905-0434	0	0	0	0	0	0	0	0	0	0
1905-0435	0	0	0	0	0	0	0	0	0	0
1905-0436	0	0	0	0	0	0	0	0	0	0
1905-0437	0	0	0	0	0	0	0	0	0	0
1905-0438	0	0	1	0	0	0	0	0	0	1
1905-0439	0	1	0	0	0	0	0	0	0	1
1905-0440	0	0	0	0	0	0	0	0	0	0
1905-0441	0	0	0	0	0	0	0	0	0	0
1905-0442	0	0	0	0	0	0	0	0	0	0
1905-0443	0	0	1	0	0	0	0	0	0	1
1905-0444	0	1	0	0	0	0	0	0	0	1
1905-0445	0	0	0	0	0	0	0	0	0	0
1905-0446	0	0	0	0	0	0	0	0	0	0
1905-0447	0	0	0	0	0	0	0	0	0	0
1905-0448	0	0	0	0	0	0	0	0	0	0
1905-0449	0	0	0	0	0	0	0	0	0	0
1905-0450	0	0	0	0	0	0	0	0	0	0
1905-0451	1	0	0	0	0	0	0	0	0	1
1905-0452	0	0	0	0	0	0	0	0	0	0
1905-0453	0	0	0	0	0	0	0	0	0	0
1905-0454	0	0	0	0	0	0	0	0	0	0
1905-0455	0	0	1	0	0	0	0	0	0	1
1905-0456	0	0	0	0	0	0	0	0	0	0
1905-0457	0	0	1	0	0	0	0	0	0	1
1905-0458	0	0	0	0	0	0	0	0	0	0
1905-0459	0	1	0	0	0	0	0	0	0	1
1905-0460	0	0	0	0	0	0	0	0	0	0
1905-0461	0	0	0	0	0	0	0	0	0	0
1905-0462	0	0	2	0	0	0	0	0	0	2
1905-0463	1	0	0	0	0	0	0	0	0	1
1905-0464	0	0	0	0	0	0	0	0	0	0
1905-0465	0	0	0	0	0	0	0	0	0	0
1905-0466	0	0	0	0	0	0	0	0	0	0
1905-0467	0	0	0	0	0	0	0	0	0	0
1905-0468	0	0	0	0	0	0	0	0	0	0
1905-0469	1	0	0	0	0	0	0	0	0	1
1905-0470	0	0	0	0	0	0	0	0	0	0
1905-0471	0	0	0	0	0	0	0	0	0	0
1905-0472	0	0	0	0	0	0	0	0	0	0
1905-0473	0	0	0	0	0	0	0	0	0	0
1905-0474	0	0	0	0	0	0	0	0	0	0
1905-0475	0	0	0	0	0	0	0	0	0	0
1905-0476	0	0	0	0	0	0	0	0	0	0
1905-0477	0	0	0	0	0	0	0	0	0	0
1905-0478	0	0	0	0	0	0	0	0	0	0
1905-0479	0	0	0	0	0	0	0	0	0	0
1905-0480	0	0	1	0	0	0	0	0	0	1
1905-0481	0	0	0	0	0	0	0	0	0	0
1905-0482	0	0	0	0	0	0	0	0	0	0
1905-0483	0	0	0	0	0	0	0	0	0	0
1905-0484	1	0	1	0	0	0	0	0	0	2
1905-0485	0	0	0	0	0	0	0	0	0	0
1905-0486	1	0	0	0	0	0	0	0	0	1
1905-0487	0	0	1	0	0	0	0	0	0	1
1905-0488	0	0	0	0	0	0	0	0	0	0
1905-0489	0	0	1	0	0	0	0	0	0	1
1905-0490	0	0	0	0	0	0	0	0	0	0
1905-0491	0	1	0	0	0	0	0	0	0	1
1905-0492	0	0	0	0	0	0	0	0	0	0
1905-0493	0	0	0	0	0	0	0	0	0	0
1905-0494	0	0	0	0	0	0	0	0	0	0
1905-0495	0	0	0	0	0	0	0	0	0	0
1905-0496	0	0	0	0	0	0	0	0	0	0
1905-0497	0	0	1	0	0	0	0	0	0	1
1905-0498	0	0	0	0	0	0	0	0	0	0
1905-0499	0	0	0	0	0	0	0	0	0	0
1905-0500	0	0	1	0	0	0	0	0	0	1
1905-0501	0	0	0	0	0	0	0	0	0	0
1905-0502	0	0	0	0	0	0	0	0	0	0
1905-0508	0	0	0	0	0	0	0	0	0	0
1905-0509	0	0	0	0	0	0	0	0	0	0
1905-0510	0	0	0	0	0	0	0	0	0	0
1905-0511	0	0	0	0	0	0	0	0	0	0
1905-0512	0	0	0	0	0	0	0	0	0	0
1905-0513	0	0	0	0	0	0	0	0	0	0
1905-0514	0	0	0	0	0	0	0	0	0	0
1905-0515	0	0	0	0	0	0	0	0	0	0
1905-0516	0	0	0	0	0	0	0	0	0	0
1905-0517	0	0	0	0	0	0	0	0	0	0
1905-0518	0	1	0	0	0	0	0	0	0	1
1906-0065	0	0	0	0	0	0	0	0	0	0
1906-0066	0	0	0	0	0	0	0	0	0	0
1906-0067	0	1	0	0	0	0	0	0	0	1
1906-0068	0	0	0	0	0	0	0	0	0	0
1906-0069	0	0	0	0	0	0	0	0	0	0
1906-0070	0	0	0	0	0	0	0	0	0	0
1906-0071	1	0	0	0	0	0	0	0	0	1
1906-0072	0	1	0	0	0	0	0	0	0	1
1906-0073	0	0	0	0	0	0	0	0	0	0
1906-0074	1	0	0	0	0	0	0	0	0	1
1906-0075	1	1	0	0	0	0	0	0	0	2
1906-0076	0	2	0	0	0	0	0	0	0	2
1906-0077	0	0	0	0	0	0	0	0	0	0
1906-0078	0	0	0	0	0	0	0	0	0	0
1906-0079	0	1	2	0	0	0	0	0	0	3
1906-0080	0	1	0	0	0	0	0	0	0	1
1906-0081	0	0	0	0	0	0	0	0	0	0
1906-0082	0	1	0	0	0	0	0	0	0	1
1906-0083	0	1	0	0	0	0	0	0	0	1
1906-0084	0	0	0	0	0	0	0	0	0	0
1906-0085	0	0	0	0	0	0	0	0	0	0
1906-0086	0	3	0	0	0	0	0	0	0	3
1906-0087	1	0	1	0	0	0	0	0	0	2
1906-0088	1	0	0	0	0	0	0	0	0	1
1906-0089	0	0	1	0	0	0	0	0	0	1
1906-0090	0	0	0	0	0	0	0	0	0	0
1906-0091	0	2	1	0	0	0	0	0	0	3
1906-0092	1	0	1	0	0	0	0	0	0	2
1906-0093	0	0	0	0	0	0	0	0	0	0
1906-0094	1	1	0	0	0	0	0	0	0	2
1906-0095	0	2	0	0	0	0	0	0	0	2
1906-0096	0	0	0	0	0	0	0	0	0	0
1906-0097	0	0	0	0	0	0	0	0	0	0
1906-0098	1	0	0	0	0	0	0	0	0	1
1906-0099	1	2	0	0	0	0	0	0	0	3
1906-0100	1	0	0	0	0	0	0	0	0	1
1906-0101	1	1	0	0	0	0	0	0	0	2
1906-0102	1	0	1	0	0	0	0	0	0	2
1906-0103	0	0	0	0	0	0	0	0	0	0
1906-0104	0	0	0	0	0	0	0	0	0	0
1906-0105	1	1	3	0	0	0	0	0	0	5
1906-0106	0	0	0	0	0	0	0	0	0	0
1906-0107	1	1	0	0	0	0	0	0	0	2
1906-0108	0	0	0	0	0	0	0	0	0	0
1906-0109	1	1	0	0	0	0	0	0	0	2
1906-0110	0	0	0	0	0	0	0	0	0	0
1906-0111	0	0	0	0	0	0	0	0	0	0
1906-0112	2	0	0	0	0	0	0	0	0	2
1906-0113	0	0	0	0	0	0	0	0	0	0
1906-0114	0	1	1	0	0	0	0	0	0	2
1906-0115	1	0	0	0	0	0	0	0	0	1
1906-0116	0	0	1	0	0	0	0	0	0	1
1906-0117	0	0	0	0	0	0	0	0	0	0
1906-0118	0	0	1	0	0	0	0	0	0	1
1906-0119	0	0	0	0	0	0	0	0	0	0
1906-0120	0	1	0	0	0	0	0	0	0	1
1906-0121	0	0	0	0	0	0	0	0	0	0
1906-0122	0	0	0	0	0	0	0	0	0	0
1906-0123	1	2	0	0	0	0	0	0	0	3
1906-0124	0	1	1	0	0	0	0	0	0	2
1906-0125	0	3	0	0	0	0	0	0	0	3
1906-0126	0	1	0	0	0	0	0	0	0	1
1906-0127	0	0	0	0	0	0	0	0	0	0
1906-0128	0	2	0	0	0	0	0	0	0	2
1906-0129	0	0	0	0	0	0	0	0	0	0
1906-0130	0	0	0	0	0	0	0	1	0	1
1906-0131	2	0	0	0	0	0	0	0	0	2
1906-0132	0	0	0	0	0	0	0	0	0	0
1906-0133	1	1	1	0	0	0	0	0	0	3
1906-0134	0	0	0	0	0	0	0	0	0	0
1906-0135	0	2	1	0	0	0	0	0	0	3
1906-0136	1	1	0	0	0	0	0	0	0	2
1906-0137	0	0	0	0	0	0	0	0	0	0
1906-0138	0	0	0	0	0	0	0	0	0	0
1906-0139	0	0	2	0	0	0	0	0	0	2
1906-0140	0	0	0	0	0	0	0	0	0	0
1906-0141	1	0	0	0	0	0	0	0	0	1
1906-0142	0	0	1	0	0	0	0	0	0	1
1906-0169	8	5	0	0	0	0	0	0	0	13
1906-0170	4	6	2	0	0	0	0	0	0	12
1906-0171	3	3	0	0	0	0	0	0	0	6
1906-0172	6	3	0	0	0	0	0	0	0	9
1906-0173	2	0	3	0	0	0	0	0	0	5
1906-0174	0	0	0	0	0	0	0	0	0	0
1906-0399	1	0	0	0	0	0	0	0	0	1
1906-0400	0	0	0	0	0	0	0	0	0	0
1906-0401	0	0	0	0	0	0	0	0	0	0
1906-0402	0	0	0	0	0	0	0	0	0	0
1906-0403	0	0	0	0	0	0	0	0	0	0
1906-0404	0	0	1	0	0	0	0	0	0	1
1906-0405	0	0	0	0	0	0	0	0	0	0
1906-0406	0	0	0	0	0	0	0	0	0	0
1906-0407	0	0	0	0	0	0	0	0	0	0
1906-0408	1	0	0	0	0	0	0	0	0	1
1906-0409	0	0	0	0	0	0	0	0	0	0
1906-0410	0	0	0	0	0	0	0	0	0	0
1906-0411	0	0	0	0	0	0	0	0	0	0
1906-0412	0	0	0	0	0	0	0	0	0	0
1906-0413	0	0	0	0	0	0	0	0	0	0
1906-0414	1	0	0	0	0	0	0	0	0	1
1906-0415	0	0	0	0	0	0	0	0	0	0
1906-0416	1	0	0	0	0	0	0	0	0	1
1906-0417	0	0	0	0	0	0	0	0	0	0
1906-0418	0	0	0	0	0	0	0	0	0	0
1906-0419	1	0	0	0	0	0	0	0	0	1
1906-0420	1	0	0	0	0	0	0	0	0	1
1906-0421	0	0	0	0	0	0	0	0	0	0
1906-0422	0	0	0	0	0	0	0	0	0	0
1906-0423	0	0	0	0	0	0	0	0	0	0
1906-0424	0	0	1	0	0	0	0	0	0	1
1906-0425	1	0	0	0	0	0	0	0	0	1
1906-0426	0	0	0	0	0	0	0	0	0	0
1906-0427	0	0	0	0	0	0	0	0	0	0
1906-0428	0	0	0	0	0	0	0	0	0	0
1906-0429	0	0	0	0	0	0	0	0	0	0
1906-0430	1	0	0	0	0	0	0	0	0	1
1906-0431	0	0	0	0	0	0	0	0	0	0
1906-0432	0	0	0	0	0	0	0	0	0	0
1906-0433	0	0	0	0	0	0	0	0	0	0
1906-0434	0	0	0	0	0	0	0	0	0	0
1906-0435	0	0	0	0	0	0	0	0	0	0
1906-0436	0	0	1	0	0	0	0	0	0	1
1906-0437	0	0	0	0	0	0	0	0	0	0
1906-0438	1	0	1	0	0	0	0	0	0	2
1906-0439	0	0	0	0	0	0	0	0	0	0
1906-0440	0	0	0	0	0	0	0	0	0	0
1906-0441	0	0	0	0	0	0	0	0	0	0
1906-0442	0	0	0	0	0	0	0	0	0	0
1906-0443	0	0	0	0	0	0	0	0	0	0
1906-0444	1	0	0	0	0	0	0	0	0	1
1906-0445	0	0	0	0	0	0	0	0	0	0
1906-0446	0	0	0	0	0	0	0	0	0	0
1906-0447	0	0	0	0	0	0	0	0	0	0
1906-0448	0	1	0	0	0	0	0	0	0	1
1906-0449	1	0	0	0	0	0	0	0	0	1
1906-0450	0	0	1	0	0	0	0	0	0	1
1906-0451	0	0	0	0	0	0	0	0	0	0
1906-0452	0	0	0	0	0	0	0	0	0	0
1906-0453	0	0	0	0	0	0	0	0	0	0
1906-0454	0	0	0	0	0	0	0	0	0	0
1906-0455	0	0	0	0	0	0	0	0	0	0
1906-0456	0	0	0	0	0	0	0	0	0	0
1906-0457	0	1	0	0	0	0	0	0	0	1
1906-0458	0	0	0	0	0	0	0	0	0	0
1906-0459	0	0	1	0	0	0	0	0	0	1
1906-0460	1	0	0	0	0	0	0	0	0	1
1906-0461	0	0	0	0	0	0	0	0	0	0
1906-0462	0	0	0	0	0	0	0	0	0	0
1906-0463	0	0	0	0	0	0	0	0	0	0
1906-0464	0	0	0	0	0	0	0	0	0	0
1906-0465	0	0	0	0	0	0	0	0	0	0
1906-0466	0	0	0	0	0	0	0	0	0	0
1906-0467	0	1	1	0	0	0	0	0	0	2
1906-0468	0	0	0	0	0	0	0	0	0	0
1906-0469	0	0	0	0	0	0	0	0	0	0
1906-0470	0	0	0	0	0	0	0	0	0	0
1906-0471	0	0	0	0	0	0	0	0	0	0
1906-0472	0	1	1	0	0	0	0	0	0	2
1906-0473	0	0	0	0	0	0	0	0	0	0
1906-0474	0	0	0	0	0	0	0	0	0	0
1906-0475	0	0	0	0	0	0	0	0	0	0
1906-0476	0	0	0	0	0	0	0	0	0	0
1906-0477	0	0	0	0	0	0	0	0	0	0
1906-0478	0	0	0	0	0	0	0	0	0	0
1906-0479	1	0	0	0	0	0	0	0	0	1
1906-0480	0	0	0	0	0	0	0	0	0	0
1906-0481	0	0	0	0	0	0	0	0	0	0
1906-0482	0	0	2	0	0	0	0	0	0	2
1906-0483	0	0	0	0	0	0	0	0	0	0
1906-0484	0	0	0	0	0	0	0	0	0	0
1906-0485	0	0	1	0	0	0	0	0	0	1
1906-0486	0	0	0	0	0	0	0	0	0	0
1906-0487	0	1	0	0	0	0	0	0	0	1
1906-0488	0	0	0	0	0	0	0	0	0	0
1906-0489	0	0	2	0	0	0	0	0	0	2
1906-0490	0	0	0	0	0	0	0	0	0	0
1906-0491	0	0	0	0	0	0	0	0	0	0
1906-0492	0	0	0	0	0	0	0	0	0	0
1906-0493	0	0	0	0	0	0	0	0	0	0
1906-0494	0	0	1	0	0	0	0	0	0	1
1906-0495	0	0	0	0	0	0	0	0	0	0
1906-0496	0	0	0	0	0	0	0	0	0	0
1906-0497	1	0	0	0	0	0	0	0	0	1
1906-0498	0	0	0	0	0	0	0	0	0	0
1906-0499	0	0	0	0	0	0	0	0	0	0
1906-0500	0	0	0	0	0	0	0	0	0	0
1906-0501	0	0	1	0	0	0	0	0	0	1
1906-0502	0	0	0	0	0	0	0	0	0	0
1906-0503	0	0	0	0	0	0	0	0	0	0
1906-0504	0	0	0	0	0	0	0	0	0	0
1906-0505	0	0	0	0	0	0	0	0	0	0
1906-0506	0	0	0	0	0	0	0	0	0	0
1906-0507	0	0	0	0	0	0	0	0	0	0
1906-0508	1	0	0	0	0	0	0	0	0	1
1906-0509	0	0	0	0	0	0	0	0	0	0
1906-0510	0	0	0	0	0	0	0	0	0	0
1906-0511	1	0	1	0	0	0	0	0	0	2
1906-0512	1	0	0	0	0	0	0	0	0	1
1906-0513	1	0	0	0	0	0	0	0	0	1
1906-0514	0	0	1	0	0	0	0	0	0	1
1906-0515	0	0	1	0	0	0	0	0	0	1
1906-0516	0	0	0	0	0	0	0	0	0	0
1906-0517	0	0	0	0	0	0	0	0	0	0
1906-0518	0	1	0	0	0	0	0	0	0	1
1906-0519	0	0	0	0	0	0	0	0	0	0
1906-0520	0	0	0	0	0	0	0	0	0	0
1906-0521	0	0	0	0	0	0	0	0	0	0
1906-0522	0	0	0	0	0	0	0	0	0	0
1906-0523	1	0	0	0	0	0	0	0	0	1
1906-0524	0	0	1	0	0	0	0	0	0	1
1906-0525	0	0	0	0	0	0	0	0	0	0
1906-0526	0	0	0	0	0	0	0	0	0	0
1906-0527	0	0	1	0	0	0	0	0	0	1
1906-0528	0	0	0	0	0	0	0	0	0	0
1906-0529	0	0	0	0	0	0	0	0	0	0
1906-0534	0	0	0	0	0	0	0	0	0	0
1906-0535	0	0	0	0	0	0	0	0	0	0
1906-0536	0	0	0	0	0	0	0	0	0	0
1906-0537	0	0	0	0	0	0	0	0	0	0
1906-0538	0	0	0	0	0	0	0	0	0	0
1906-0539	0	0	0	0	0	0	0	0	0	0
1906-0540	0	0	0	0	0	0	0	0	0	0
1906-0541	0	0	0	0	0	0	0	0	0	0
1906-0542	1	0	0	0	0	0	0	0	0	1
1906-0543	0	0	0	0	0	0	0	0	0	0
1906-0544	0	1	0	0	0	0	0	0	0	1
1907-0065	0	0	0	0	0	0	0	0	0	0
1907-0066	0	0	0	0	0	0	0	0	0	0
1907-0067	0	0	0	0	0	0	0	0	0	0
1907-0068	0	1	0	0	0	0	0	0	0	1
1907-0069	0	0	0	0	0	0	0	0	0	0
1907-0070	0	0	0	0	0	0	0	0	0	0
1907-0071	1	0	0	0	0	0	0	0	0	1
1907-0072	0	1	0	0	0	0	0	0	0	1
1907-0073	0	0	0	0	0	0	0	0	0	0
1907-0074	0	0	0	0	0	0	0	0	0	0
1907-0075	1	1	0	0	0	0	0	0	0	2
1907-0076	1	0	0	0	0	0	0	0	0	1
1907-0077	0	2	0	0	0	0	0	0	0	2
1907-0078	0	0	0	0	0	0	0	0	0	0
1907-0079	0	0	0	0	0	0	0	0	0	0
1907-0080	0	1	2	0	0	0	0	0	0	3
1907-0081	0	1	0	0	0	0	0	0	0	1
1907-0082	0	0	0	0	0	0	0	0	0	0
1907-0083	0	1	0	0	0	0	0	0	0	1
1907-0084	0	1	0	0	0	0	0	0	0	1
1907-0085	0	0	0	0	0	0	0	0	0	0
1907-0086	0	0	0	0	0	0	0	0	0	0
1907-0087	0	2	0	0	0	0	0	0	0	2
1907-0088	0	1	0	0	0	0	0	0	0	1
1907-0089	2	0	0	0	0	0	0	0	0	2
1907-0090	0	0	1	0	0	0	0	0	0	1
1907-0091	0	0	0	0	0	0	0	0	0	0
1907-0092	0	1	0	0	0	0	0	0	0	1
1907-0093	0	1	1	0	0	0	0	0	0	2
1907-0094	1	0	1	0	0	0	0	0	0	2
1907-0095	0	0	0	0	0	0	0	0	0	0
1907-0096	1	1	0	0	0	0	0	0	0	2
1907-0097	0	2	0	0	0	0	0	0	0	2
1907-0098	0	0	0	0	0	0	0	0	0	0
1907-0099	0	0	0	0	0	0	0	0	0	0
1907-0100	1	0	0	0	0	0	0	0	0	1
1907-0101	1	1	0	0	0	0	0	0	0	2
1907-0102	1	0	0	0	0	0	0	0	0	1
1907-0103	0	0	0	0	0	0	0	0	0	0
1907-0104	1	0	0	0	0	0	0	0	0	1
1907-0105	1	0	1	0	0	0	0	0	0	2
1907-0106	0	0	0	0	0	0	0	0	0	0
1907-0107	1	0	1	0	0	0	0	0	0	2
1907-0108	0	1	2	0	0	0	0	0	0	3
1907-0109	0	0	0	0	0	0	0	0	0	0
1907-0110	1	1	0	0	0	0	0	0	0	2
1907-0111	0	0	0	0	0	0	0	0	0	0
1907-0112	1	1	0	0	0	0	0	0	0	2
1907-0113	0	0	0	0	0	0	0	0	0	0
1907-0114	0	0	0	0	0	0	0	0	0	0
1907-0115	2	0	0	0	0	0	0	0	0	2
1907-0116	0	0	0	0	0	0	0	0	0	0
1907-0117	0	1	0	0	0	0	0	0	0	1
1907-0118	0	0	1	0	0	0	0	0	0	1
1907-0119	1	0	1	0	0	0	0	0	0	2
1907-0120	0	1	0	0	0	0	0	0	0	1
1907-0121	0	0	0	0	0	0	0	0	0	0
1907-0122	0	0	1	0	0	0	0	0	0	1
1907-0123	0	0	0	0	0	0	0	0	0	0
1907-0124	0	1	0	0	0	0	0	0	0	1
1907-0125	0	0	0	0	0	0	0	0	0	0
1907-0126	0	0	0	0	0	0	0	0	0	0
1907-0127	1	1	0	0	0	0	0	0	0	2
1907-0128	0	3	1	0	0	0	0	0	0	4
1907-0129	0	1	0	0	0	0	0	0	0	1
1907-0130	0	3	0	0	0	0	0	0	0	3
1907-0131	0	0	0	0	0	0	0	0	0	0
1907-0132	0	1	0	0	0	0	0	0	0	1
1907-0133	0	1	0	0	0	0	0	0	0	1
1907-0134	0	0	0	0	0	0	0	0	0	0
1907-0135	0	0	0	0	0	0	0	1	0	1
1907-0136	2	0	0	0	0	0	0	0	0	2
1907-0137	0	0	0	0	0	0	0	0	0	0
1907-0138	1	1	1	0	0	0	0	0	0	3
1907-0139	0	0	0	0	0	0	0	0	0	0
1907-0140	0	2	1	0	0	0	0	0	0	3
1907-0141	1	1	0	0	0	0	0	0	0	2
1907-0142	0	0	0	0	0	0	0	0	0	0
1907-0143	0	1	0	0	0	0	0	0	0	1
1907-0144	0	0	2	0	0	0	0	0	0	2
1907-0145	0	0	0	0	0	0	0	0	0	0
1907-0146	1	0	0	0	0	0	0	0	0	1
1907-0147	0	0	1	0	0	0	0	0	0	1
1907-0148	0	0	0	0	0	0	0	0	0	0
1907-0175	6	5	0	0	0	0	0	0	0	11
1907-0176	5	3	3	0	0	0	0	0	0	11
1907-0177	4	6	1	0	0	0	0	0	0	11
1907-0178	7	0	2	0	0	0	0	0	0	9
1907-0179	3	3	0	0	0	0	0	0	0	6
1907-0180	2	0	2	0	0	0	0	0	0	4
1907-0181	0	0	0	0	0	0	0	0	0	0
1907-0423	1	0	0	0	0	0	0	0	0	1
1907-0424	0	0	0	0	0	0	0	0	0	0
1907-0425	0	0	0	0	0	0	0	0	0	0
1907-0426	0	0	0	0	0	0	0	0	0	0
1907-0427	0	0	0	0	0	0	0	0	0	0
1907-0428	0	0	1	0	0	0	0	0	0	1
1907-0429	0	0	0	0	0	0	0	0	0	0
1907-0430	0	0	1	0	0	0	0	0	0	1
1907-0431	0	0	0	0	0	0	0	0	0	0
1907-0432	1	0	0	0	0	0	0	0	0	1
1907-0433	0	0	0	0	0	0	0	0	0	0
1907-0434	0	0	0	0	0	0	0	0	0	0
1907-0435	0	0	0	0	0	0	0	0	0	0
1907-0436	0	0	0	0	0	0	0	0	0	0
1907-0437	0	0	0	0	0	0	0	0	0	0
1907-0438	1	0	0	0	0	0	0	0	0	1
1907-0439	0	0	0	0	0	0	0	0	0	0
1907-0440	1	0	0	0	0	0	0	0	0	1
1907-0441	0	0	0	0	0	0	0	0	0	0
1907-0442	0	0	0	0	0	0	0	0	0	0
1907-0443	1	0	0	0	0	0	0	0	0	1
1907-0444	1	0	0	0	0	0	0	0	0	1
1907-0445	0	0	0	0	0	0	0	0	0	0
1907-0446	0	0	0	0	0	0	0	0	0	0
1907-0447	0	0	0	0	0	0	0	0	0	0
1907-0448	0	0	1	0	0	0	0	0	0	1
1907-0449	1	0	0	0	0	0	0	0	0	1
1907-0450	0	0	0	0	0	0	0	0	0	0
1907-0451	0	0	0	0	0	0	0	0	0	0
1907-0452	0	0	0	0	0	0	0	0	0	0
1907-0453	0	0	0	0	0	0	0	0	0	0
1907-0454	1	0	0	0	0	0	0	0	0	1
1907-0455	0	0	0	0	0	0	0	0	0	0
1907-0456	0	0	0	0	0	0	0	0	0	0
1907-0457	0	0	0	0	0	0	0	0	0	0
1907-0458	0	0	0	0	0	0	0	0	0	0
1907-0459	0	0	0	0	0	0	0	0	0	0
1907-0460	0	0	1	0	0	0	0	0	0	1
1907-0461	0	0	0	0	0	0	0	0	0	0
1907-0462	1	0	1	0	0	0	0	0	0	2
1907-0463	0	0	0	0	0	0	0	0	0	0
1907-0464	0	0	0	0	0	0	0	0	0	0
1907-0465	0	0	0	0	0	0	0	0	0	0
1907-0466	0	0	0	0	0	0	0	0	0	0
1907-0467	0	0	0	0	0	0	0	0	0	0
1907-0468	1	0	0	0	0	0	0	0	0	1
1907-0469	0	0	0	0	0	0	0	0	0	0
1907-0470	0	0	0	0	0	0	0	0	0	0
1907-0471	0	0	0	0	0	0	0	0	0	0
1907-0472	0	1	0	0	0	0	0	0	0	1
1907-0473	1	0	0	0	0	0	0	0	0	1
1907-0474	0	0	1	0	0	0	0	0	0	1
1907-0475	0	0	0	0	0	0	0	0	0	0
1907-0476	0	0	0	0	0	0	0	0	0	0
1907-0477	0	0	0	0	0	0	0	0	0	0
1907-0478	0	0	0	0	0	0	0	0	0	0
1907-0479	0	0	0	0	0	0	0	0	0	0
1907-0480	0	0	0	0	0	0	0	0	0	0
1907-0481	0	1	0	0	0	0	0	0	0	1
1907-0482	0	0	0	0	0	0	0	0	0	0
1907-0483	0	0	1	0	0	0	0	0	0	1
1907-0484	1	0	0	0	0	0	0	0	0	1
1907-0485	0	0	0	0	0	0	0	0	0	0
1907-0486	0	0	0	0	0	0	0	0	0	0
1907-0487	0	0	0	0	0	0	0	0	0	0
1907-0488	0	0	0	0	0	0	0	0	0	0
1907-0489	0	0	0	0	0	0	0	0	0	0
1907-0490	0	0	0	0	0	0	0	0	0	0
1907-0491	0	1	1	0	0	0	0	0	0	2
1907-0492	0	0	0	0	0	0	0	0	0	0
1907-0493	0	0	0	0	0	0	0	0	0	0
1907-0494	0	0	0	0	0	0	0	0	0	0
1907-0495	0	0	0	0	0	0	0	0	0	0
1907-0496	0	1	1	0	0	0	0	0	0	2
1907-0497	0	0	0	0	0	0	0	0	0	0
1907-0498	0	0	0	0	0	0	0	0	0	0
1907-0499	0	0	1	0	0	0	0	0	0	1
1907-0500	0	0	0	0	0	0	0	0	0	0
1907-0501	0	0	0	0	0	0	0	0	0	0
1907-0502	0	0	0	0	0	0	0	0	0	0
1907-0503	0	0	0	0	0	0	0	0	0	0
1907-0504	1	0	0	0	0	0	0	0	0	1
1907-0505	0	0	0	0	0	0	0	0	0	0
1907-0506	0	0	0	0	0	0	0	0	0	0
1907-0507	0	0	2	0	0	0	0	0	0	2
1907-0508	0	0	0	0	0	0	0	0	0	0
1907-0509	0	0	1	0	0	0	0	0	0	1
1907-0510	0	0	0	0	0	0	0	0	0	0
1907-0511	0	0	0	0	0	0	0	0	0	0
1907-0512	0	1	0	0	0	0	0	0	0	1
1907-0513	0	0	0	0	0	0	0	0	0	0
1907-0514	0	0	2	0	0	0	0	0	0	2
1907-0515	0	0	0	0	0	0	0	0	0	0
1907-0516	0	0	0	0	0	0	0	0	0	0
1907-0517	0	0	0	0	0	0	0	0	0	0
1907-0518	0	0	1	0	0	0	0	0	0	1
1907-0519	0	0	0	0	0	0	0	0	0	0
1907-0520	0	0	0	0	0	0	0	0	0	0
1907-0521	0	0	0	0	0	0	0	0	0	0
1907-0522	1	0	0	0	0	0	0	0	0	1
1907-0523	0	0	0	0	0	0	0	0	0	0
1907-0524	0	0	0	0	0	0	0	0	0	0
1907-0525	0	0	0	0	0	0	0	0	0	0
1907-0526	0	0	1	0	0	0	0	0	0	1
1907-0527	0	0	0	0	0	0	0	0	0	0
1907-0528	0	0	0	0	0	0	0	0	0	0
1907-0529	0	0	0	0	0	0	0	0	0	0
1907-0530	0	0	0	0	0	0	0	0	0	0
1907-0531	0	0	0	0	0	0	0	0	0	0
1907-0532	1	0	0	0	0	0	0	0	0	1
1907-0533	0	0	0	0	0	0	0	0	0	0
1907-0534	0	0	0	0	0	0	0	0	0	0
1907-0535	0	0	0	0	0	0	0	0	0	0
1907-0536	1	0	1	0	0	0	0	0	0	2
1907-0537	1	0	0	0	0	0	0	0	0	1
1907-0538	1	0	0	0	0	0	0	0	0	1
1907-0539	0	0	2	0	0	0	0	0	0	2
1907-0540	0	0	0	0	0	0	0	0	0	0
1907-0541	1	0	0	0	0	0	0	0	0	1
1907-0542	0	0	0	0	0	0	0	0	0	0
1907-0543	0	1	0	0	0	0	0	0	0	1
1907-0544	0	0	0	0	0	0	0	0	0	0
1907-0545	0	0	0	0	0	0	0	0	0	0
1907-0546	0	0	0	0	0	0	0	0	0	0
1907-0547	0	0	0	0	0	0	0	0	0	0
1907-0548	1	0	1	0	0	0	0	0	0	2
1907-0549	0	0	0	0	0	0	0	0	0	0
1907-0550	0	0	0	0	0	0	0	0	0	0
1907-0551	0	0	0	0	0	0	0	0	0	0
1907-0552	0	0	1	0	0	0	0	0	0	1
1907-0553	0	0	0	0	0	0	0	0	0	0
1907-0554	0	0	0	0	0	0	0	0	0	0
1907-0559	0	0	0	0	0	0	0	0	0	0
1907-0560	0	0	0	0	0	0	0	0	0	0
1907-0561	0	0	0	0	0	0	0	0	0	0
1907-0562	0	0	0	0	0	0	0	0	0	0
1907-0563	0	0	0	0	0	0	0	0	0	0
1907-0564	0	0	0	0	0	0	0	0	0	0
1907-0565	0	0	0	0	0	0	0	0	0	0
1907-0566	1	0	0	0	0	0	0	0	0	1
1907-0567	0	0	0	0	0	0	0	0	0	0
1907-0568	0	1	0	0	0	0	0	0	0	1
1909-0069	0	0	0	0	0	0	0	0	0	0
1909-0070	0	0	0	0	0	0	0	0	0	0
1909-0071	0	0	0	0	0	0	0	0	0	0
1909-0072	0	1	0	0	0	0	0	0	0	1
1909-0073	0	0	1	0	0	0	0	0	0	1
1909-0074	0	0	0	0	0	0	0	0	0	0
1909-0075	1	0	0	0	0	0	0	0	0	1
1909-0076	0	1	0	0	0	0	0	0	0	1
1909-0077	0	0	1	0	0	0	0	0	0	1
1909-0078	1	0	0	0	0	0	0	0	0	1
1909-0079	1	0	0	0	0	0	0	0	0	1
1909-0080	0	1	0	0	0	0	0	0	0	1
1909-0081	1	1	0	0	0	0	0	0	0	2
1909-0082	0	1	0	0	0	0	0	0	0	1
1909-0083	0	0	0	0	0	0	0	0	0	0
1909-0084	0	0	0	0	0	0	0	0	0	0
1909-0085	0	1	2	0	0	0	0	0	0	3
1909-0086	0	1	0	0	0	0	0	0	0	1
1909-0087	0	0	0	0	0	0	0	0	0	0
1909-0088	0	1	0	0	0	0	0	0	0	1
1909-0089	0	1	0	0	0	0	0	0	0	1
1909-0090	0	0	0	0	0	0	0	0	0	0
1909-0091	0	0	0	0	0	0	0	0	0	0
1909-0092	0	1	0	0	0	0	0	0	0	1
1909-0093	0	2	1	0	0	0	0	0	0	3
1909-0094	1	0	0	0	0	0	0	0	0	1
1909-0095	1	0	0	0	0	0	0	0	0	1
1909-0096	0	0	1	0	0	0	0	0	0	1
1909-0097	0	0	0	0	0	0	0	0	0	0
1909-0098	0	2	1	0	0	0	0	0	0	3
1909-0099	1	0	1	0	0	0	0	0	0	2
1909-0100	0	0	1	0	0	0	0	0	0	1
1909-0101	0	0	0	0	0	0	0	0	0	0
1909-0102	0	1	0	0	0	0	0	0	0	1
1909-0103	0	2	0	0	0	0	0	0	0	2
1909-0104	0	0	0	0	0	0	0	0	0	0
1909-0105	0	1	0	0	0	0	0	0	0	1
1909-0106	1	0	0	0	0	0	0	0	0	1
1909-0107	0	1	1	0	0	0	0	0	0	2
1909-0108	2	1	0	0	0	0	0	0	0	3
1909-0109	1	0	0	0	0	0	0	0	0	1
1909-0110	0	0	0	0	0	0	0	0	0	0
1909-0111	1	1	1	0	0	0	0	0	0	3
1909-0112	1	0	1	0	0	0	0	0	0	2
1909-0113	0	0	0	0	0	0	0	0	0	0
1909-0114	1	0	1	0	0	0	0	0	0	2
1909-0115	0	1	3	0	0	0	0	0	0	4
1909-0116	0	0	0	0	0	0	0	0	0	0
1909-0117	1	1	0	0	0	0	0	0	0	2
1909-0118	0	0	0	0	0	0	0	0	0	0
1909-0119	1	1	0	0	0	0	0	0	0	2
1909-0120	0	0	0	0	0	0	0	0	0	0
1909-0121	0	0	0	0	0	0	0	0	0	0
1909-0122	0	0	0	0	0	0	0	0	0	0
1909-0123	2	0	0	0	0	0	0	0	0	2
1909-0124	0	0	0	0	0	0	0	0	0	0
1909-0125	0	1	1	0	0	0	0	0	0	2
1909-0126	0	0	0	0	0	0	0	0	0	0
1909-0127	1	0	1	0	0	0	0	0	0	2
1909-0128	0	1	0	0	0	0	0	0	0	1
1909-0129	0	0	0	0	0	0	0	0	0	0
1909-0130	0	0	2	0	0	0	0	0	0	2
1909-0131	0	0	0	0	0	0	0	0	0	0
1909-0132	0	1	0	0	0	0	0	0	0	1
1909-0133	0	0	0	0	0	0	0	0	0	0
1909-0134	0	0	0	0	0	0	0	0	0	0
1909-0135	0	1	0	0	0	0	0	0	0	1
1909-0136	1	3	0	0	0	0	0	0	0	4
1909-0137	0	0	0	0	0	0	0	0	0	0
1909-0138	0	3	0	0	0	0	0	0	0	3
1909-0139	0	1	0	0	0	0	0	0	0	1
1909-0140	0	0	0	0	0	0	0	0	0	0
1909-0141	0	3	0	0	0	0	0	0	0	3
1909-0142	0	0	0	0	0	0	0	0	0	0
1909-0143	0	0	0	0	0	0	0	0	0	0
1909-0144	1	0	0	0	0	0	0	0	0	1
1909-0145	1	0	0	0	0	0	0	0	0	1
1909-0146	0	0	1	0	0	0	0	0	0	1
1909-0147	1	1	0	0	0	0	0	0	0	2
1909-0148	0	0	0	0	0	0	0	0	0	0
1909-0149	0	2	1	0	0	0	0	0	0	3
1909-0150	2	2	0	0	0	0	0	0	0	4
1909-0151	0	0	0	0	0	0	0	0	0	0
1909-0152	0	0	0	0	0	0	0	0	0	0
1909-0153	0	1	1	0	0	0	0	0	0	2
1909-0154	0	0	1	0	0	0	0	0	0	1
1909-0155	0	0	0	0	0	0	0	0	0	0
1909-0156	1	0	0	0	0	0	0	0	0	1
1909-0157	0	0	1	0	0	0	0	0	0	1
1909-0158	0	0	0	0	0	0	0	0	0	0
1909-0163	1	0	1	0	0	0	0	0	0	2
1909-0164	0	0	0	0	0	0	0	0	0	0
1909-0165	0	0	1	0	0	0	0	0	0	1
1909-0166	0	0	0	0	0	0	0	0	0	0
1909-0167	0	0	0	0	0	0	0	0	0	0
1909-0168	0	1	1	0	0	0	0	0	0	2
1909-0169	0	0	0	0	0	0	0	0	0	0
1909-0219	6	3	0	0	0	0	0	0	0	9
1909-0220	4	4	3	0	0	0	0	0	0	11
1909-0221	7	5	3	0	0	0	0	0	0	15
1909-0222	3	6	0	0	0	0	0	0	0	9
1909-0223	11	0	2	0	0	0	0	0	0	13
1909-0224	3	3	2	0	0	0	0	0	0	8
1909-0225	1	0	1	0	0	0	0	0	0	2
1909-0463	1	0	0	0	0	0	0	0	0	1
1909-0464	0	0	0	0	0	0	0	0	0	0
1909-0465	0	0	0	0	0	0	0	0	0	0
1909-0466	0	0	0	0	0	0	0	0	0	0
1909-0467	0	0	0	0	0	0	0	0	0	0
1909-0468	0	0	0	0	0	0	0	0	0	0
1909-0469	0	0	1	0	0	0	0	0	0	1
1909-0470	0	0	0	0	0	0	0	0	0	0
1909-0471	1	0	0	0	0	0	0	0	0	1
1909-0472	0	0	0	0	0	0	0	0	0	0
1909-0473	0	0	0	0	0	0	0	0	0	0
1909-0474	0	0	0	0	0	0	0	0	0	0
1909-0475	0	0	0	0	0	0	0	0	0	0
1909-0476	0	0	0	0	0	0	0	0	0	0
1909-0477	0	0	0	0	0	0	0	0	0	0
1909-0478	1	0	0	0	0	0	0	0	0	1
1909-0479	0	0	0	0	0	0	0	0	0	0
1909-0480	0	0	0	0	0	0	0	0	0	0
1909-0481	0	0	0	0	0	0	0	0	0	0
1909-0482	1	0	0	0	0	0	0	0	0	1
1909-0483	1	0	0	0	0	0	0	0	0	1
1909-0484	0	0	0	0	0	0	0	0	0	0
1909-0485	0	0	0	0	0	0	0	0	0	0
1909-0486	0	0	0	0	0	0	0	0	0	0
1909-0487	0	0	1	0	0	0	0	0	0	1
1909-0488	1	0	0	0	0	0	0	0	0	1
1909-0489	0	0	0	0	0	0	0	0	0	0
1909-0490	0	0	0	0	0	0	0	0	0	0
1909-0491	0	0	1	0	0	0	0	0	0	1
1909-0492	1	0	0	0	0	0	0	0	0	1
1909-0493	0	0	0	0	0	0	0	0	0	0
1909-0494	0	0	0	0	0	0	0	0	0	0
1909-0495	0	0	0	0	0	0	0	0	0	0
1909-0496	0	0	0	0	0	0	0	0	0	0
1909-0497	0	0	0	0	0	0	0	0	0	0
1909-0498	0	0	1	0	0	0	0	0	0	1
1909-0499	0	0	0	0	0	0	0	0	0	0
1909-0500	0	0	0	0	0	0	0	0	0	0
1909-0501	0	0	1	0	0	0	0	0	0	1
1909-0502	0	0	0	0	0	0	0	0	0	0
1909-0503	0	0	0	0	0	0	0	0	0	0
1909-0504	1	0	0	0	0	0	0	0	0	1
1909-0505	0	0	0	0	0	0	0	0	0	0
1909-0506	0	0	0	0	0	0	0	0	0	0
1909-0507	1	0	0	0	0	0	0	0	0	1
1909-0508	0	0	0	0	0	0	0	0	0	0
1909-0509	0	0	0	0	0	0	0	0	0	0
1909-0510	0	0	0	0	0	0	0	0	0	0
1909-0511	0	0	0	0	0	0	0	0	0	0
1909-0512	1	0	0	0	0	0	0	0	0	1
1909-0513	0	0	0	0	0	0	0	0	0	0
1909-0514	0	0	0	0	0	0	0	0	0	0
1909-0515	0	0	0	0	0	0	0	0	0	0
1909-0516	0	0	0	0	0	0	0	0	0	0
1909-0517	0	0	0	0	0	0	0	0	0	0
1909-0518	0	0	1	0	0	0	0	0	0	1
1909-0519	0	0	0	0	0	0	0	0	0	0
1909-0520	0	1	0	0	0	0	0	0	0	1
1909-0521	0	0	0	0	0	0	0	0	0	0
1909-0522	0	0	0	0	0	0	0	0	0	0
1909-0523	0	0	0	0	0	0	0	0	0	0
1909-0524	1	0	0	0	0	0	0	0	0	1
1909-0525	0	0	0	0	0	0	0	0	0	0
1909-0526	0	0	0	0	0	0	0	0	0	0
1909-0527	0	0	0	0	0	0	0	0	0	0
1909-0528	0	0	0	0	0	0	0	0	0	0
1909-0529	0	0	0	0	0	0	0	0	0	0
1909-0530	0	1	1	0	0	0	0	0	0	2
1909-0531	0	0	0	0	0	0	0	0	0	0
1909-0532	0	0	0	0	0	0	0	0	0	0
1909-0533	0	0	0	0	0	0	0	0	0	0
1909-0534	0	0	0	0	0	0	0	0	0	0
1909-0535	0	0	0	0	0	0	0	0	0	0
1909-0536	0	0	1	0	0	0	0	0	0	1
1909-0537	0	0	0	0	0	0	0	0	0	0
1909-0538	0	0	0	0	0	0	0	0	0	0
1909-0539	0	0	1	0	0	0	0	0	0	1
1909-0540	0	0	0	0	0	0	0	0	0	0
1909-0541	0	0	0	0	0	0	0	0	0	0
1909-0542	0	0	0	0	0	0	0	0	0	0
1909-0543	1	0	0	0	0	0	0	0	0	1
1909-0544	0	0	0	0	0	0	0	0	0	0
1909-0545	0	0	0	0	0	0	0	0	0	0
1909-0546	0	0	3	0	0	0	0	0	0	3
1909-0547	0	0	0	0	0	0	0	0	0	0
1909-0548	0	0	0	0	0	0	0	0	0	0
1909-0549	0	0	1	0	0	0	0	0	0	1
1909-0550	0	0	0	0	0	0	0	0	0	0
1909-0551	0	1	0	0	0	0	0	0	0	1
1909-0552	0	0	0	0	0	0	0	0	0	0
1909-0553	0	0	1	0	0	0	0	0	0	1
1909-0554	0	0	0	0	0	0	0	0	0	0
1909-0555	0	0	0	0	0	0	0	0	0	0
1909-0556	0	0	0	0	0	0	0	0	0	0
1909-0557	0	0	0	0	0	0	0	0	0	0
1909-0558	0	0	1	0	0	0	0	0	0	1
1909-0559	0	0	0	0	0	0	0	0	0	0
1909-0560	0	0	0	0	0	0	0	0	0	0
1909-0561	1	0	0	0	0	0	0	0	0	1
1909-0562	0	0	0	0	0	0	0	0	0	0
1909-0563	0	0	0	0	0	0	0	0	0	0
1909-0564	0	0	0	0	0	0	0	0	0	0
1909-0565	0	0	1	0	0	0	0	0	0	1
1909-0566	0	0	0	0	0	0	0	0	0	0
1909-0567	0	0	0	0	0	0	0	0	0	0
1909-0568	0	0	0	0	0	0	0	0	0	0
1909-0569	0	0	0	0	0	0	0	0	0	0
1909-0570	0	0	0	0	0	0	0	0	0	0
1909-0571	0	0	1	0	0	0	0	0	0	1
1909-0572	0	0	0	0	0	0	0	0	0	0
1909-0573	0	0	0	0	0	0	0	0	0	0
1909-0574	0	0	0	0	0	0	0	0	0	0
1909-0575	0	0	1	0	0	0	0	0	0	1
1909-0576	1	0	0	0	0	0	0	0	0	1
1909-0577	1	0	0	0	0	0	0	0	0	1
1909-0578	1	0	0	0	0	0	0	0	0	1
1909-0579	0	0	1	0	0	0	0	0	0	1
1909-0580	1	0	0	0	0	0	0	0	0	1
1909-0581	1	0	1	0	0	0	0	0	0	2
1909-0582	0	0	0	0	0	0	0	0	0	0
1909-0583	0	0	0	0	0	0	0	0	0	0
1909-0584	0	0	0	0	0	0	0	0	0	0
1909-0585	0	0	0	0	0	0	0	0	0	0
1909-0586	0	0	0	0	0	0	0	0	0	0
1909-0587	0	0	0	0	0	0	0	0	0	0
1909-0588	0	0	0	0	0	0	0	0	0	0
1909-0589	0	0	0	0	0	0	0	0	0	0
1909-0590	0	0	0	0	0	0	0	0	0	0
1909-0591	0	0	0	0	0	0	0	0	0	0
1909-0592	0	0	1	0	0	0	0	0	0	1
1909-0593	0	0	0	0	0	0	0	0	0	0
1909-0597	0	0	0	0	0	0	0	0	0	0
1909-0598	0	0	0	0	0	0	0	0	0	0
1909-0599	0	0	0	0	0	0	0	0	0	0
1909-0600	0	0	0	0	0	0	0	0	0	0
1909-0601	0	0	1	0	0	0	0	0	0	1
1909-0602	0	0	0	0	0	0	0	0	0	0
1909-0603	1	0	0	0	0	0	0	0	0	1
1909-0604	0	0	0	0	0	0	0	0	0	0
1909-0605	0	1	1	0	0	0	0	0	0	2
1910-0071	0	0	0	0	0	0	0	0	0	0
1910-0072	0	0	0	0	0	0	0	0	0	0
1910-0073	0	0	0	0	0	0	0	0	0	0
1910-0074	0	1	0	0	0	0	0	0	0	1
1910-0075	0	0	1	0	0	0	0	0	0	1
1910-0076	0	0	0	0	0	0	0	0	0	0
1910-0077	1	0	0	0	0	0	0	0	0	1
1910-0078	0	1	0	0	0	0	0	0	0	1
1910-0079	0	0	1	0	0	0	0	0	0	1
1910-0080	1	0	0	0	0	0	0	0	0	1
1910-0081	2	0	0	0	0	0	0	0	0	2
1910-0082	0	1	0	0	0	0	0	0	0	1
1910-0083	1	1	0	0	0	0	0	0	0	2
1910-0084	0	1	0	0	0	0	0	0	0	1
1910-0085	0	0	0	0	0	0	0	0	0	0
1910-0086	0	0	0	0	0	0	0	0	0	0
1910-0087	0	1	2	0	0	0	0	0	0	3
1910-0088	0	1	0	0	0	0	0	0	0	1
1910-0089	0	0	0	0	0	0	0	0	0	0
1910-0090	0	1	0	0	0	0	0	0	0	1
1910-0091	0	0	0	0	0	0	0	0	0	0
1910-0092	0	1	0	0	0	0	0	0	0	1
1910-0093	0	0	0	0	0	0	0	0	0	0
1910-0094	0	1	0	0	0	0	0	0	0	1
1910-0095	0	2	1	0	0	0	0	0	0	3
1910-0096	1	0	0	0	0	0	0	0	0	1
1910-0097	1	0	0	0	0	0	0	0	0	1
1910-0098	0	0	1	0	0	0	0	0	0	1
1910-0099	0	0	0	0	0	0	0	0	0	0
1910-0100	0	2	1	0	0	0	0	0	0	3
1910-0101	1	0	1	0	0	0	0	0	0	2
1910-0102	0	0	1	0	0	0	0	0	0	1
1910-0103	0	0	0	0	0	0	0	0	0	0
1910-0104	0	1	0	0	0	0	0	0	0	1
1910-0105	0	2	0	0	0	0	0	0	0	2
1910-0106	0	0	0	0	0	0	0	0	0	0
1910-0107	0	1	0	0	0	0	0	0	0	1
1910-0108	0	0	1	0	0	0	0	0	0	1
1910-0109	1	0	1	0	0	0	0	0	0	2
1910-0110	3	1	0	0	0	0	0	0	0	4
1910-0111	1	0	0	0	0	0	0	0	0	1
1910-0112	0	0	0	0	0	0	0	0	0	0
1910-0113	0	1	2	0	0	0	0	0	0	3
1910-0114	1	0	1	0	0	0	0	0	0	2
1910-0115	0	0	0	0	0	0	0	0	0	0
1910-0116	1	0	1	0	0	0	0	0	0	2
1910-0117	0	0	2	0	0	0	0	0	0	2
1910-0118	0	1	0	0	0	0	0	0	0	1
1910-0119	1	1	0	0	0	0	0	0	0	2
1910-0120	0	0	0	0	0	0	0	0	0	0
1910-0121	1	0	0	0	0	0	0	0	0	1
1910-0122	0	1	0	0	0	0	0	0	0	1
1910-0123	0	0	0	0	0	0	0	0	0	0
1910-0124	0	0	0	0	0	0	0	0	0	0
1910-0125	2	0	0	0	0	0	0	0	0	2
1910-0126	0	0	0	0	0	0	0	0	0	0
1910-0127	0	1	1	0	0	0	0	0	0	2
1910-0128	0	0	0	0	0	0	0	0	0	0
1910-0129	0	0	1	0	0	0	0	0	0	1
1910-0130	1	0	0	0	0	0	0	0	0	1
1910-0131	0	0	0	0	0	0	0	0	0	0
1910-0132	0	0	1	0	0	0	0	0	0	1
1910-0133	0	0	1	0	0	0	0	0	0	1
1910-0134	0	0	0	0	0	0	0	0	0	0
1910-0135	0	1	0	0	0	0	0	0	0	1
1910-0136	0	0	0	0	0	0	0	0	0	0
1910-0137	0	0	0	0	0	0	0	0	0	0
1910-0138	1	1	0	0	0	0	0	0	0	2
1910-0139	0	3	1	0	0	0	0	0	0	4
1910-0140	0	0	0	0	0	0	0	0	0	0
1910-0141	0	3	0	0	0	0	0	0	0	3
1910-0142	0	1	0	0	0	0	0	0	0	1
1910-0143	0	1	0	0	0	0	0	0	0	1
1910-0144	0	2	0	0	0	0	0	0	0	2
1910-0145	0	0	0	0	0	0	0	0	0	0
1910-0146	0	0	0	0	0	0	0	0	0	0
1910-0147	1	0	0	0	0	0	0	0	0	1
1910-0148	1	0	0	0	0	0	0	0	0	1
1910-0149	0	0	1	0	0	0	0	0	0	1
1910-0150	1	0	0	0	0	0	0	0	0	1
1910-0151	0	0	0	0	0	0	0	0	0	0
1910-0152	0	2	1	0	0	0	0	0	0	3
1910-0153	2	3	0	0	0	0	0	0	0	5
1910-0154	0	0	0	0	0	0	0	0	0	0
1910-0155	0	0	0	0	0	0	0	0	0	0
1910-0156	0	2	0	0	0	0	0	0	0	2
1910-0157	0	0	2	0	0	0	0	0	0	2
1910-0158	0	0	0	0	0	0	0	0	0	0
1910-0159	1	0	0	0	0	0	0	0	0	1
1910-0160	0	0	0	0	0	0	0	0	0	0
1910-0161	0	0	0	0	0	0	0	0	0	0
1910-0211	8	3	0	0	0	0	0	0	0	11
1910-0212	5	5	5	0	0	0	0	0	0	15
1910-0213	7	5	2	0	0	0	0	0	0	14
1910-0214	2	7	1	0	0	0	0	0	0	10
1910-0215	11	0	2	0	0	0	0	0	0	13
1910-0216	3	3	2	0	0	0	0	0	0	8
1910-0217	1	0	1	0	0	0	0	0	0	2
1910-0423	0	0	1	0	0	0	0	0	0	1
1910-0424	0	0	0	0	0	0	0	0	0	0
1910-0425	0	0	1	0	0	0	0	0	0	1
1910-0426	0	0	0	0	0	0	0	0	0	0
1910-0427	0	0	0	0	0	0	0	0	0	0
1910-0428	0	1	1	0	0	0	0	0	0	2
1910-0429	0	0	0	0	0	0	0	0	0	0
1910-0457	1	0	1	0	0	0	0	0	0	2
1910-0458	0	0	0	0	0	0	0	0	0	0
1910-0459	0	0	0	0	0	0	0	0	0	0
1910-0460	0	0	0	0	0	0	0	0	0	0
1910-0461	0	0	0	0	0	0	0	0	0	0
1910-0462	0	0	0	0	0	0	0	0	0	0
1910-0463	0	0	1	0	0	0	0	0	0	1
1910-0464	0	0	0	0	0	0	0	0	0	0
1910-0465	0	0	0	0	0	0	0	0	0	0
1910-0466	1	0	0	0	0	0	0	0	0	1
1910-0467	0	0	0	0	0	0	0	0	0	0
1910-0468	0	0	0	0	0	0	0	0	0	0
1910-0469	0	0	0	0	0	0	0	0	0	0
1910-0470	0	0	0	0	0	0	0	0	0	0
1910-0471	0	0	0	0	0	0	0	0	0	0
1910-0472	0	0	0	0	0	0	0	0	0	0
1910-0473	1	0	0	0	0	0	0	0	0	1
1910-0474	0	0	0	0	0	0	0	0	0	0
1910-0475	0	0	0	0	0	0	0	0	0	0
1910-0476	0	0	0	0	0	0	0	0	0	0
1910-0477	2	0	0	0	0	0	0	0	0	2
1910-0478	0	0	0	0	0	0	0	0	0	0
1910-0479	0	0	0	0	0	0	0	0	0	0
1910-0480	0	0	0	0	0	0	0	0	0	0
1910-0481	0	0	1	0	0	0	0	0	0	1
1910-0482	1	0	0	0	0	0	0	0	0	1
1910-0483	0	0	0	0	0	0	0	0	0	0
1910-0484	0	0	0	0	0	0	0	0	0	0
1910-0485	0	0	2	0	0	0	0	0	0	2
1910-0486	0	0	0	0	0	0	0	0	0	0
1910-0487	1	0	0	0	0	0	0	0	0	1
1910-0488	0	0	0	0	0	0	0	0	0	0
1910-0489	0	0	0	0	0	0	0	0	0	0
1910-0490	0	0	0	0	0	0	0	0	0	0
1910-0491	0	0	0	0	0	0	0	0	0	0
1910-0492	0	0	0	0	0	0	0	0	0	0
1910-0493	0	0	1	0	0	0	0	0	0	1
1910-0494	0	0	0	0	0	0	0	0	0	0
1910-0495	0	0	1	0	0	0	0	0	0	1
1910-0496	0	0	0	0	0	0	0	0	0	0
1910-0497	0	0	0	0	0	0	0	0	0	0
1910-0498	1	0	0	0	0	0	0	0	0	1
1910-0499	0	0	0	0	0	0	0	0	0	0
1910-0500	0	0	0	0	0	0	0	0	0	0
1910-0501	1	0	0	0	0	0	0	0	0	1
1910-0502	0	0	0	0	0	0	0	0	0	0
1910-0503	0	0	0	0	0	0	0	0	0	0
1910-0504	0	0	0	0	0	0	0	0	0	0
1910-0505	0	0	0	0	0	0	0	0	0	0
1910-0506	1	0	0	0	0	0	0	0	0	1
1910-0507	0	0	0	0	0	0	0	0	0	0
1910-0508	0	0	1	0	0	0	0	0	0	1
1910-0509	0	0	0	0	0	0	0	0	0	0
1910-0510	0	0	0	0	0	0	0	0	0	0
1910-0511	0	0	0	0	0	0	0	0	0	0
1910-0512	0	0	1	0	0	0	0	0	0	1
1910-0513	0	0	0	0	0	0	0	0	0	0
1910-0514	0	0	0	0	0	0	0	0	0	0
1910-0515	0	1	0	0	0	0	0	0	0	1
1910-0516	1	0	0	0	0	0	0	0	0	1
1910-0517	0	0	0	0	0	0	0	0	0	0
1910-0518	2	0	0	0	0	0	0	0	0	2
1910-0519	0	0	0	0	0	0	0	0	0	0
1910-0520	0	0	1	0	0	0	0	0	0	1
1910-0521	0	0	0	0	0	0	0	0	0	0
1910-0522	0	0	0	0	0	0	0	0	0	0
1910-0523	0	0	0	0	0	0	0	0	0	0
1910-0524	0	0	0	0	0	0	0	0	0	0
1910-0525	0	1	1	0	0	0	0	0	0	2
1910-0526	0	0	0	0	0	0	0	0	0	0
1910-0527	0	0	0	0	0	0	0	0	0	0
1910-0528	0	0	0	0	0	0	0	0	0	0
1910-0529	0	0	0	0	0	0	0	0	0	0
1910-0530	0	0	0	0	0	0	0	0	0	0
1910-0531	0	0	1	0	0	0	0	0	0	1
1910-0532	0	0	0	0	0	0	0	0	0	0
1910-0533	0	0	1	0	0	0	0	0	0	1
1910-0534	0	0	0	0	0	0	0	0	0	0
1910-0535	0	0	0	0	0	0	0	0	0	0
1910-0536	0	0	0	0	0	0	0	0	0	0
1910-0537	1	0	0	0	0	0	0	0	0	1
1910-0538	0	0	0	0	0	0	0	0	0	0
1910-0539	0	0	0	0	0	0	0	0	0	0
1910-0540	0	0	0	0	0	0	0	0	0	0
1910-0541	0	0	2	0	0	0	0	0	0	2
1910-0542	0	0	0	0	0	0	0	0	0	0
1910-0543	0	0	1	0	0	0	0	0	0	1
1910-0544	0	0	0	0	0	0	0	0	0	0
1910-0545	0	1	0	0	0	0	0	0	0	1
1910-0546	0	0	0	0	0	0	0	0	0	0
1910-0547	0	0	0	0	0	0	0	0	0	0
1910-0548	0	0	2	0	0	0	0	0	0	2
1910-0549	0	0	0	0	0	0	0	0	0	0
1910-0550	0	0	0	0	0	0	0	0	0	0
1910-0551	0	0	0	0	0	0	0	0	0	0
1910-0552	0	0	1	0	0	0	0	0	0	1
1910-0553	0	0	1	0	0	0	0	0	0	1
1910-0554	0	0	0	0	0	0	0	0	0	0
1910-0555	0	0	0	0	0	0	0	0	0	0
1910-0556	1	0	0	0	0	0	0	0	0	1
1910-0557	0	0	0	0	0	0	0	0	0	0
1910-0558	0	0	0	0	0	0	0	0	0	0
1910-0559	0	0	0	0	0	0	0	0	0	0
1910-0560	0	0	1	0	0	0	0	0	0	1
1910-0561	0	0	0	0	0	0	0	0	0	0
1910-0562	0	0	0	0	0	0	0	0	0	0
1910-0563	0	0	0	0	0	0	0	0	0	0
1910-0564	0	0	0	0	0	0	0	0	0	0
1910-0565	0	0	0	0	0	0	0	0	0	0
1910-0566	0	0	0	0	0	0	0	0	0	0
1910-0567	0	0	0	0	0	0	0	0	0	0
1910-0568	0	0	0	0	0	0	0	0	0	0
1910-0569	0	0	0	0	0	0	0	0	0	0
1910-0570	0	0	1	0	0	0	0	0	0	1
1910-0571	2	0	0	0	0	0	0	0	0	2
1910-0572	0	0	0	0	0	0	0	0	0	0
1910-0573	1	0	0	0	0	0	0	0	0	1
1910-0574	0	0	1	0	0	0	0	0	0	1
1910-0575	0	0	0	0	0	0	0	0	0	0
1910-0576	1	0	1	0	0	0	0	0	0	2
1910-0577	0	0	0	0	0	0	0	0	0	0
1910-0578	1	0	0	0	0	0	0	0	0	1
1910-0579	0	0	0	0	0	0	0	0	0	0
1910-0580	0	0	0	0	0	0	0	0	0	0
1910-0581	0	0	0	0	0	0	0	0	0	0
1910-0582	0	0	0	0	0	0	0	0	0	0
1910-0583	1	0	0	0	0	0	0	0	0	1
1910-0584	0	0	0	0	0	0	0	0	0	0
1910-0585	0	0	0	0	0	0	0	0	0	0
1910-0586	0	0	0	0	0	0	0	0	0	0
1910-0587	0	0	1	0	0	0	0	0	0	1
1910-0588	0	0	0	0	0	0	0	0	0	0
1910-0591	0	0	0	0	0	0	0	0	0	0
1910-0592	0	0	0	0	0	0	0	0	0	0
1910-0593	0	0	0	0	0	0	0	0	0	0
1910-0594	0	0	0	0	0	0	0	0	0	0
1910-0595	0	0	1	0	0	0	0	0	0	1
1910-0596	0	0	0	0	0	0	0	0	0	0
1910-0597	1	0	0	0	0	0	0	0	0	1
1910-0598	0	1	0	0	0	0	0	0	0	1
1911-0073	0	0	0	0	0	0	0	0	0	0
1911-0074	0	0	0	0	0	0	0	0	0	0
1911-0075	0	0	0	0	0	0	0	0	0	0
1911-0076	0	1	0	0	0	0	0	0	0	1
1911-0077	0	0	1	0	0	0	0	0	0	1
1911-0078	0	0	0	0	0	0	0	0	0	0
1911-0079	1	0	0	0	0	0	0	0	0	1
1911-0080	0	1	0	0	0	0	0	0	0	1
1911-0081	0	0	1	0	0	0	0	0	0	1
1911-0082	0	0	0	0	0	0	0	0	0	0
1911-0083	1	1	0	0	0	0	0	0	0	2
1911-0084	0	1	0	0	0	0	0	0	0	1
1911-0085	2	2	0	0	0	0	0	0	0	4
1911-0086	0	1	0	0	0	0	0	0	0	1
1911-0087	0	0	0	0	0	0	0	0	0	0
1911-0088	0	0	0	0	0	0	0	0	0	0
1911-0089	0	1	2	0	0	0	0	0	0	3
1911-0090	0	1	0	0	0	0	0	0	0	1
1911-0091	0	0	0	0	0	0	0	0	0	0
1911-0092	0	1	0	0	0	0	0	0	0	1
1911-0093	0	0	0	0	0	0	0	0	0	0
1911-0094	0	1	0	0	0	0	0	0	0	1
1911-0095	0	0	0	0	0	0	0	0	0	0
1911-0096	0	0	0	0	0	0	0	0	0	0
1911-0097	0	3	0	0	0	0	0	0	0	3
1911-0098	1	0	0	0	0	0	0	0	0	1
1911-0099	1	0	0	0	0	0	0	0	0	1
1911-0100	0	0	0	0	0	0	0	0	0	0
1911-0101	0	0	1	0	0	0	0	0	0	1
1911-0102	0	0	0	0	0	0	0	0	0	0
1911-0103	0	2	1	0	0	0	0	0	0	3
1911-0104	0	0	2	0	0	0	0	0	0	2
1911-0105	0	0	1	0	0	0	0	0	0	1
1911-0106	0	0	0	0	0	0	0	0	0	0
1911-0107	0	0	0	0	0	0	0	0	0	0
1911-0108	0	2	0	0	0	0	0	0	0	2
1911-0109	0	0	0	0	0	0	0	0	0	0
1911-0110	0	2	0	0	0	0	0	0	0	2
1911-0111	1	0	0	0	0	0	0	0	0	1
1911-0112	1	3	1	0	0	0	0	0	0	5
1911-0113	1	0	0	0	0	0	0	0	0	1
1911-0114	0	0	0	0	0	0	0	0	0	0
1911-0115	0	1	1	0	0	0	0	0	0	2
1911-0116	0	0	1	0	0	0	0	0	0	1
1911-0117	0	0	1	0	0	0	0	0	0	1
1911-0118	0	0	0	0	0	0	0	0	0	0
1911-0119	1	0	1	0	0	0	0	0	0	2
1911-0120	1	0	2	0	0	0	0	0	0	3
1911-0121	0	1	0	0	0	0	0	0	0	1
1911-0122	1	1	0	0	0	0	0	0	0	2
1911-0123	0	0	0	0	0	0	0	0	0	0
1911-0124	1	0	0	0	0	0	0	0	0	1
1911-0125	0	1	0	0	0	0	0	0	0	1
1911-0126	0	0	0	0	0	0	0	0	0	0
1911-0127	0	0	1	0	0	0	0	0	0	1
1911-0128	3	0	0	0	0	0	0	0	0	3
1911-0129	0	0	0	0	0	0	0	0	0	0
1911-0130	0	1	0	0	0	0	0	0	0	1
1911-0131	0	0	1	0	0	0	0	0	0	1
1911-0132	0	0	2	0	0	0	0	0	0	2
1911-0133	1	0	0	0	0	0	0	0	0	1
1911-0134	0	0	0	0	0	0	0	0	0	0
1911-0135	0	0	1	0	0	0	0	0	0	1
1911-0136	0	0	0	0	0	0	0	0	0	0
1911-0137	0	0	0	0	0	0	0	0	0	0
1911-0138	0	1	0	0	0	0	0	0	0	1
1911-0139	0	0	0	0	0	0	0	0	0	0
1911-0140	0	0	0	0	0	0	0	0	0	0
1911-0141	0	1	0	0	0	0	0	0	0	1
1911-0142	1	2	0	0	0	0	0	0	0	3
1911-0143	0	0	0	0	0	0	0	0	0	0
1911-0144	0	3	0	0	0	0	0	0	0	3
1911-0145	0	1	0	0	0	0	0	0	0	1
1911-0146	0	0	0	0	0	0	0	0	0	0
1911-0147	0	2	1	0	0	0	0	0	0	3
1911-0148	0	1	0	0	0	0	0	0	0	1
1911-0149	0	0	0	0	0	0	0	0	0	0
1911-0150	0	0	0	0	0	0	0	0	0	0
1911-0151	1	0	0	0	0	0	0	0	0	1
1911-0152	1	0	1	0	0	0	0	0	0	2
1911-0153	0	0	1	0	0	0	0	0	0	1
1911-0154	1	0	0	0	0	0	0	0	0	1
1911-0155	0	0	0	0	0	0	0	0	0	0
1911-0156	0	2	1	0	0	0	0	0	0	3
1911-0157	2	2	1	0	0	0	0	0	0	5
1911-0158	0	0	0	0	0	0	0	0	0	0
1911-0159	0	0	0	0	0	0	0	0	0	0
1911-0160	0	1	0	0	0	0	0	0	0	1
1911-0161	1	0	2	0	0	0	0	0	0	3
1911-0162	0	0	0	0	0	0	0	0	0	0
1911-0163	1	0	0	0	0	0	0	0	0	1
1911-0164	0	0	0	0	0	0	0	0	0	0
1911-0165	0	0	0	0	0	0	0	0	0	0
1911-0219	8	3	0	0	0	0	0	0	0	11
1911-0220	4	5	5	0	0	0	0	0	0	14
1911-0221	7	6	2	0	0	0	0	0	0	15
1911-0222	5	5	1	0	0	0	0	0	0	11
1911-0223	8	3	0	0	0	0	0	0	0	11
1911-0224	7	0	2	0	0	0	0	0	0	9
1911-0225	2	2	2	0	0	0	0	0	0	6
1911-0226	1	0	1	0	0	0	0	0	0	2
1911-0431	0	0	1	0	0	0	0	0	0	1
1911-0432	0	0	0	0	0	0	0	0	0	0
1911-0433	0	0	1	0	0	0	0	0	0	1
1911-0434	0	0	0	0	0	0	0	0	0	0
1911-0435	0	0	0	0	0	0	0	0	0	0
1911-0436	0	1	1	0	0	0	0	0	0	2
1911-0437	0	0	0	0	0	0	0	0	0	0
1911-0485	1	0	0	0	0	0	0	0	0	1
1911-0486	0	0	1	0	0	0	0	0	0	1
1911-0487	0	0	0	0	0	0	0	0	0	0
1911-0488	0	0	0	0	0	0	0	0	0	0
1911-0489	0	0	0	0	0	0	0	0	0	0
1911-0490	0	0	0	0	0	0	0	0	0	0
1911-0491	0	0	1	0	0	0	0	0	0	1
1911-0492	0	0	0	0	0	0	0	0	0	0
1911-0493	0	0	0	0	0	0	0	0	0	0
1911-0494	1	0	0	0	0	0	0	0	0	1
1911-0495	0	0	0	0	0	0	0	0	0	0
1911-0496	0	0	0	0	0	0	0	0	0	0
1911-0497	0	0	0	0	0	0	0	0	0	0
1911-0498	0	0	0	0	0	0	0	0	0	0
1911-0499	0	0	0	0	0	0	0	0	0	0
1911-0500	0	0	0	0	0	0	0	0	0	0
1911-0501	1	0	0	0	0	0	0	0	0	1
1911-0502	0	0	0	0	0	0	0	0	0	0
1911-0503	0	0	0	0	0	0	0	0	0	0
1911-0504	0	0	0	0	0	0	0	0	0	0
1911-0505	1	0	0	0	0	0	0	0	0	1
1911-0506	1	0	0	0	0	0	0	0	0	1
1911-0507	0	0	0	0	0	0	0	0	0	0
1911-0508	0	0	0	0	0	0	0	0	0	0
1911-0509	0	0	0	0	0	0	0	0	0	0
1911-0510	0	0	1	0	0	0	0	0	0	1
1911-0511	1	0	0	0	0	0	0	0	0	1
1911-0512	0	0	0	0	0	0	0	0	0	0
1911-0513	0	0	1	0	0	0	0	0	0	1
1911-0514	0	0	1	0	0	0	0	0	0	1
1911-0515	1	0	0	0	0	0	0	0	0	1
1911-0516	0	0	0	0	0	0	0	0	0	0
1911-0517	0	0	0	0	0	0	0	0	0	0
1911-0518	0	0	0	0	0	0	0	0	0	0
1911-0519	0	0	0	0	0	0	0	0	0	0
1911-0520	0	0	0	0	0	0	0	0	0	0
1911-0521	0	0	2	0	0	0	0	0	0	2
1911-0522	0	0	0	0	0	0	0	0	0	0
1911-0523	0	0	0	0	0	0	0	0	0	0
1911-0524	0	0	1	0	0	0	0	0	0	1
1911-0525	0	0	0	0	0	0	0	0	0	0
1911-0526	1	0	0	0	0	0	0	0	0	1
1911-0527	0	0	0	0	0	0	0	0	0	0
1911-0528	0	0	0	0	0	0	0	0	0	0
1911-0529	0	0	1	0	0	0	0	0	0	1
1911-0530	1	0	0	0	0	0	0	0	0	1
1911-0531	0	0	0	0	0	0	0	0	0	0
1911-0532	0	0	0	0	0	0	0	0	0	0
1911-0533	0	0	0	0	0	0	0	0	0	0
1911-0534	0	0	1	0	0	0	0	0	0	1
1911-0535	1	0	0	0	0	0	0	0	0	1
1911-0536	0	0	0	0	0	0	0	0	0	0
1911-0537	0	0	1	0	0	0	0	0	0	1
1911-0538	0	0	0	0	0	0	0	0	0	0
1911-0539	0	0	0	0	0	0	0	0	0	0
1911-0540	0	0	0	0	0	0	0	0	0	0
1911-0541	0	0	0	0	0	0	0	0	0	0
1911-0542	0	0	0	0	0	0	0	0	0	0
1911-0543	0	1	0	0	0	0	0	0	0	1
1911-0544	1	0	0	0	0	0	0	0	0	1
1911-0545	0	0	0	0	0	0	0	0	0	0
1911-0546	0	0	0	0	0	0	0	0	0	0
1911-0547	2	0	0	0	0	0	0	0	0	2
1911-0548	0	0	0	0	0	0	0	0	0	0
1911-0549	0	0	1	0	0	0	0	0	0	1
1911-0550	0	0	0	0	0	0	0	0	0	0
1911-0551	0	0	0	0	0	0	0	0	0	0
1911-0552	0	0	0	0	0	0	0	0	0	0
1911-0553	0	0	0	0	0	0	0	0	0	0
1911-0554	0	1	1	0	0	0	0	0	0	2
1911-0555	0	0	0	0	0	0	0	0	0	0
1911-0556	0	0	0	0	0	0	0	0	0	0
1911-0557	0	0	0	0	0	0	0	0	0	0
1911-0558	0	0	0	0	0	0	0	0	0	0
1911-0559	0	0	0	0	0	0	0	0	0	0
1911-0560	0	0	1	0	0	0	0	0	0	1
1911-0561	0	0	0	0	0	0	0	0	0	0
1911-0562	0	0	1	0	0	0	0	0	0	1
1911-0563	0	0	0	0	0	0	0	0	0	0
1911-0564	0	0	0	0	0	0	0	0	0	0
1911-0565	0	0	0	0	0	0	0	0	0	0
1911-0566	1	0	0	0	0	0	0	0	0	1
1911-0567	0	0	0	0	0	0	0	0	0	0
1911-0568	0	0	0	0	0	0	0	0	0	0
1911-0569	0	0	0	0	0	0	0	0	0	0
1911-0570	0	0	2	0	0	0	0	0	0	2
1911-0571	0	0	0	0	0	0	0	0	0	0
1911-0572	0	0	1	0	0	0	0	0	0	1
1911-0573	0	0	0	0	0	0	0	0	0	0
1911-0574	0	0	0	0	0	0	0	0	0	0
1911-0575	0	0	0	0	0	0	0	0	0	0
1911-0576	0	0	0	0	0	0	0	0	0	0
1911-0577	0	0	2	0	0	0	0	0	0	2
1911-0578	0	0	0	0	0	0	0	0	0	0
1911-0579	0	0	0	0	0	0	0	0	0	0
1911-0580	0	0	0	0	0	0	0	0	0	0
1911-0581	0	0	0	0	0	0	0	0	0	0
1911-0582	0	0	1	0	0	0	0	0	0	1
1911-0583	0	0	1	0	0	0	0	0	0	1
1911-0584	0	0	0	0	0	0	0	0	0	0
1911-0585	1	0	0	0	0	0	0	0	0	1
1911-0586	0	0	0	0	0	0	0	0	0	0
1911-0587	0	0	1	0	0	0	0	0	0	1
1911-0588	0	0	0	0	0	0	0	0	0	0
1911-0589	0	0	1	0	0	0	0	0	0	1
1911-0590	0	0	0	0	0	0	0	0	0	0
1911-0591	0	0	0	0	0	0	0	0	0	0
1911-0592	0	0	0	0	0	0	0	0	0	0
1911-0593	0	0	0	0	0	0	0	0	0	0
1911-0594	0	0	0	0	0	0	0	0	0	0
1911-0595	0	0	0	0	0	0	0	0	0	0
1911-0596	0	0	0	0	0	0	0	0	0	0
1911-0597	0	0	0	0	0	0	0	0	0	0
1911-0598	0	0	0	0	0	0	0	0	0	0
1911-0599	1	0	0	0	0	0	0	0	0	1
1911-0600	1	0	1	0	0	0	0	0	0	2
1911-0601	1	0	0	0	0	0	0	0	0	1
1911-0602	1	0	0	0	0	0	0	0	0	1
1911-0603	0	0	1	0	0	0	0	0	0	1
1911-0604	0	0	0	0	0	0	0	0	0	0
1911-0605	0	0	0	0	0	0	0	0	0	0
1911-0606	1	0	0	0	0	0	0	0	0	1
1911-0607	0	0	0	0	0	0	0	0	0	0
1911-0608	1	0	0	0	0	0	0	0	0	1
1911-0609	0	0	0	0	0	0	0	0	0	0
1911-0610	0	0	0	0	0	0	0	0	0	0
1911-0611	0	0	0	0	0	0	0	0	0	0
1911-0612	0	0	0	0	0	0	0	0	0	0
1911-0613	1	0	1	0	0	0	0	0	0	2
1911-0614	0	0	0	0	0	0	0	0	0	0
1911-0615	0	0	0	0	0	0	0	0	0	0
1911-0616	0	0	0	0	0	0	0	0	0	0
1911-0617	0	0	1	0	0	0	0	0	0	1
1911-0618	0	0	0	0	0	0	0	0	0	0
1911-0621	0	0	0	0	0	0	0	0	0	0
1911-0622	0	0	0	0	0	0	0	0	0	0
1911-0623	0	0	0	0	0	0	0	0	0	0
1911-0624	0	0	0	0	0	0	0	0	0	0
1911-0625	0	0	1	0	0	0	0	0	0	1
1911-0626	1	0	0	0	0	0	0	0	0	1
1911-0627	0	1	0	0	0	0	0	0	0	1
1912-0077	0	0	0	0	0	0	0	0	0	0
1912-0078	0	0	0	0	0	0	0	0	0	0
1912-0079	0	0	0	0	0	0	0	0	0	0
1912-0080	0	1	0	0	0	0	0	0	0	1
1912-0081	0	0	1	0	0	0	0	0	0	1
1912-0082	0	0	0	0	0	0	0	0	0	0
1912-0083	1	0	0	0	0	0	0	0	0	1
1912-0084	0	1	0	0	0	0	0	0	0	1
1912-0085	1	0	1	0	0	0	0	0	0	2
1912-0086	0	0	0	0	0	0	0	0	0	0
1912-0087	3	0	0	0	0	0	0	0	0	3
1912-0088	0	1	0	0	0	0	0	0	0	1
1912-0089	1	1	1	0	0	0	0	0	0	3
1912-0090	1	2	0	0	0	0	0	0	0	3
1912-0091	0	0	0	0	0	0	0	0	0	0
1912-0092	0	0	0	0	0	0	0	0	0	0
1912-0093	0	0	1	0	0	0	0	0	0	1
1912-0094	0	2	1	0	0	0	0	0	0	3
1912-0095	0	0	0	0	0	0	0	0	0	0
1912-0096	0	0	0	0	0	0	0	0	0	0
1912-0097	0	1	0	0	0	0	0	0	0	1
1912-0098	0	0	1	0	0	0	0	0	0	1
1912-0099	0	1	0	0	0	0	0	0	0	1
1912-0100	0	0	0	0	0	0	0	0	0	0
1912-0101	0	0	0	0	0	0	0	0	0	0
1912-0102	0	3	0	0	0	0	0	0	0	3
1912-0103	1	0	1	0	0	0	0	0	0	2
1912-0104	1	0	0	0	0	0	0	0	0	1
1912-0105	0	0	0	0	0	0	0	0	0	0
1912-0106	0	0	1	0	0	0	0	0	0	1
1912-0107	0	0	0	0	0	0	0	0	0	0
1912-0108	0	0	0	0	0	0	0	0	0	0
1912-0109	0	0	0	0	0	0	0	0	0	0
1912-0110	0	0	0	0	0	0	0	0	0	0
1912-0111	1	0	1	0	0	0	0	0	0	2
1912-0112	1	0	3	0	0	0	0	0	0	4
1912-0113	0	1	0	0	0	0	0	0	0	1
1912-0114	1	1	0	0	0	0	0	0	0	2
1912-0115	0	0	0	0	0	0	0	0	0	0
1912-0116	0	0	0	0	0	0	0	0	0	0
1912-0117	1	1	0	0	0	0	0	0	0	2
1912-0118	0	0	0	0	0	0	0	0	0	0
1912-0119	0	0	0	0	0	0	0	0	0	0
1912-0120	1	0	1	0	0	0	0	0	0	2
1912-0121	4	0	0	0	0	0	0	0	0	4
1912-0122	0	0	0	0	0	0	0	0	0	0
1912-0123	0	1	1	0	0	0	0	0	0	2
1912-0124	0	0	0	0	0	0	0	0	0	0
1912-0125	0	0	0	0	0	0	0	0	0	0
1912-0126	0	2	1	0	0	0	0	0	0	3
1912-0127	0	0	1	0	0	0	0	0	0	1
1912-0128	0	0	2	0	0	0	0	0	0	2
1912-0129	0	0	0	0	0	0	0	0	0	0
1912-0130	0	0	0	0	0	0	0	0	0	0
1912-0131	0	2	0	0	0	0	0	0	0	2
1912-0132	0	0	0	0	0	0	0	0	0	0
1912-0133	0	1	0	0	0	0	0	0	0	1
1912-0134	0	1	0	0	0	0	0	0	0	1
1912-0135	1	0	2	0	0	0	0	0	0	3
1912-0136	2	1	0	0	0	0	0	0	0	3
1912-0137	0	0	0	0	0	0	0	0	0	0
1912-0138	0	0	0	0	0	0	0	0	0	0
1912-0139	0	1	1	0	0	0	0	0	0	2
1912-0140	0	0	1	0	0	0	0	0	0	1
1912-0141	0	0	0	0	0	0	0	0	0	0
1912-0142	0	0	0	0	0	0	0	0	0	0
1912-0143	0	0	2	0	0	0	0	0	0	2
1912-0144	1	0	0	0	0	0	0	0	0	1
1912-0145	0	0	0	0	0	0	0	0	0	0
1912-0146	0	0	0	0	0	0	0	0	0	0
1912-0147	0	0	0	0	0	0	0	0	0	0
1912-0148	0	0	0	0	0	0	0	0	0	0
1912-0149	0	1	0	0	0	0	0	0	0	1
1912-0150	0	0	0	0	0	0	0	0	0	0
1912-0151	0	0	0	0	0	0	0	0	0	0
1912-0152	0	1	0	0	0	0	0	0	0	1
1912-0153	1	1	0	0	0	0	0	0	0	2
1912-0154	0	2	1	0	0	0	0	0	0	3
1912-0155	0	0	0	0	0	0	0	0	0	0
1912-0156	0	3	0	0	0	0	0	0	0	3
1912-0157	0	1	0	0	0	0	0	0	0	1
1912-0158	0	0	1	0	0	0	0	0	0	1
1912-0159	0	3	0	0	0	0	0	0	0	3
1912-0160	0	0	0	0	0	0	0	0	0	0
1912-0161	0	0	0	0	0	0	0	0	0	0
1912-0162	0	0	0	0	0	0	0	0	0	0
1912-0163	1	1	0	0	0	0	0	0	0	2
1912-0164	1	0	1	0	0	0	0	0	0	2
1912-0165	0	0	1	0	0	0	0	0	0	1
1912-0166	1	0	0	0	0	0	0	0	0	1
1912-0167	0	0	0	0	0	0	0	0	0	0
1912-0168	0	1	1	0	0	0	0	0	0	2
1912-0169	0	5	0	0	0	0	0	0	0	5
1912-0170	1	0	1	0	0	0	0	0	0	2
1912-0171	0	0	1	0	0	0	0	0	0	1
1912-0172	0	1	0	0	0	0	0	0	0	1
1912-0173	0	0	2	0	0	0	0	0	0	2
1912-0174	1	0	0	0	0	0	0	0	0	1
1912-0175	0	0	0	0	0	0	0	0	0	0
1912-0176	1	0	0	0	0	0	0	0	0	1
1912-0177	0	0	0	0	0	0	0	0	0	0
1912-0178	0	0	0	0	0	0	0	0	0	0
1912-0213	0	0	0	0	0	0	0	0	0	0
1912-0214	0	0	0	0	0	0	0	0	0	0
1912-0215	4	6	0	0	0	0	0	0	0	10
1912-0216	8	3	1	0	0	0	0	0	0	12
1912-0217	2	1	0	0	0	0	0	0	0	3
1912-0218	1	0	1	0	0	0	0	0	0	2
1912-0219	0	0	0	0	0	0	0	0	0	0
1912-0220	0	0	1	0	0	0	0	0	0	1
1912-0221	1	0	0	0	0	0	0	0	0	1
1912-0222	1	1	0	0	0	0	0	0	0	2
1912-0223	0	0	0	0	0	0	0	0	0	0
1912-0224	0	0	0	0	0	0	0	0	0	0
1912-0225	0	0	0	0	0	0	0	0	0	0
1912-0226	0	0	0	0	0	0	0	0	0	0
1912-0227	0	0	0	0	0	0	0	0	0	0
1912-0228	0	0	0	0	0	0	0	0	0	0
1912-0229	0	0	0	0	0	0	0	0	0	0
1912-0230	0	0	0	0	0	0	0	0	0	0
1912-0231	9	5	0	0	0	0	0	0	0	14
1912-0232	6	10	4	0	0	0	0	0	0	20
1912-0233	11	6	1	0	0	0	0	0	0	18
1912-0234	6	6	3	0	0	0	0	0	0	15
1912-0441	0	0	1	0	0	0	0	0	0	1
1912-0442	0	0	0	0	0	0	0	0	0	0
1912-0443	0	0	1	0	0	0	0	0	0	1
1912-0444	0	0	0	0	0	0	0	0	0	0
1912-0445	0	0	0	0	0	0	0	0	0	0
1912-0446	0	0	1	0	0	0	0	0	0	1
1912-0447	0	1	0	0	0	0	0	0	0	1
1912-0495	2	0	0	0	0	0	0	0	0	2
1912-0496	0	0	1	0	0	0	0	0	0	1
1912-0497	0	0	0	0	0	0	0	0	0	0
1912-0498	0	0	0	0	0	0	0	0	0	0
1912-0499	0	0	0	0	0	0	0	0	0	0
1912-0500	0	0	0	0	0	0	0	0	0	0
1912-0501	0	0	1	0	0	0	0	0	0	1
1912-0502	0	0	0	0	0	0	0	0	0	0
1912-0503	0	0	0	0	0	0	0	0	0	0
1912-0504	2	0	0	0	0	0	0	0	0	2
1912-0505	0	0	0	0	0	0	0	0	0	0
1912-0506	0	0	0	0	0	0	0	0	0	0
1912-0507	0	0	0	0	0	0	0	0	0	0
1912-0508	0	0	0	0	0	0	0	0	0	0
1912-0509	0	0	0	0	0	0	0	0	0	0
1912-0510	0	0	0	0	0	0	0	0	0	0
1912-0511	0	0	0	0	0	0	0	0	0	0
1912-0512	1	0	0	0	0	0	0	0	0	1
1912-0513	0	0	0	0	0	0	0	0	0	0
1912-0514	0	0	0	0	0	0	0	0	0	0
1912-0515	1	0	0	0	0	0	0	0	0	1
1912-0516	1	0	0	0	0	0	0	0	0	1
1912-0517	0	0	0	0	0	0	0	0	0	0
1912-0518	0	0	0	0	0	0	0	0	0	0
1912-0519	0	0	0	0	0	0	0	0	0	0
1912-0520	0	0	1	0	0	0	0	0	0	1
1912-0521	1	0	0	0	0	0	0	0	0	1
1912-0522	0	0	0	0	0	0	0	0	0	0
1912-0523	0	0	0	0	0	0	0	0	0	0
1912-0524	0	0	2	0	0	0	0	0	0	2
1912-0525	0	0	0	0	0	0	0	0	0	0
1912-0526	1	0	0	0	0	0	0	0	0	1
1912-0527	0	0	0	0	0	0	0	0	0	0
1912-0528	0	0	0	0	0	0	0	0	0	0
1912-0529	0	0	0	0	0	0	0	0	0	0
1912-0530	0	0	0	0	0	0	0	0	0	0
1912-0531	0	0	1	0	0	0	0	0	0	1
1912-0532	0	0	1	0	0	0	0	0	0	1
1912-0533	0	0	0	0	0	0	0	0	0	0
1912-0534	0	0	0	0	0	0	0	0	0	0
1912-0535	0	0	1	0	0	0	0	0	0	1
1912-0536	0	0	0	0	0	0	0	0	0	0
1912-0537	0	0	0	0	0	0	0	0	0	0
1912-0538	0	0	1	0	0	0	0	0	0	1
1912-0539	0	0	0	0	0	0	0	0	0	0
1912-0540	0	0	1	0	0	0	0	0	0	1
1912-0541	1	0	0	0	0	0	0	0	0	1
1912-0542	0	0	0	0	0	0	0	0	0	0
1912-0543	0	0	0	0	0	0	0	0	0	0
1912-0544	0	0	0	0	0	0	0	0	0	0
1912-0545	0	0	1	0	0	0	0	0	0	1
1912-0546	1	0	0	0	0	0	0	0	0	1
1912-0547	0	0	0	0	0	0	0	0	0	0
1912-0548	0	0	1	0	0	0	0	0	0	1
1912-0549	0	0	0	0	0	0	0	0	0	0
1912-0550	0	0	0	0	0	0	0	0	0	0
1912-0551	0	0	0	0	0	0	0	0	0	0
1912-0552	0	0	1	0	0	0	0	0	0	1
1912-0553	0	0	0	0	0	0	0	0	0	0
1912-0554	0	0	0	0	0	0	0	0	0	0
1912-0555	0	1	0	0	0	0	0	0	0	1
1912-0556	1	0	0	0	0	0	0	0	0	1
1912-0557	0	0	0	0	0	0	0	0	0	0
1912-0558	2	0	0	0	0	0	0	0	0	2
1912-0559	0	0	0	0	0	0	0	0	0	0
1912-0560	0	0	1	0	0	0	0	0	0	1
1912-0561	0	0	0	0	0	0	0	0	0	0
1912-0562	0	0	0	0	0	0	0	0	0	0
1912-0563	0	0	0	0	0	0	0	0	0	0
1912-0564	0	0	0	0	0	0	0	0	0	0
1912-0565	0	1	1	0	0	0	0	0	0	2
1912-0566	0	0	0	0	0	0	0	0	0	0
1912-0567	0	1	0	0	0	0	0	0	0	1
1912-0568	0	0	0	0	0	0	0	0	0	0
1912-0569	0	0	0	0	0	0	0	0	0	0
1912-0570	0	0	0	0	0	0	0	0	0	0
1912-0571	0	0	1	0	0	0	0	0	0	1
1912-0572	0	0	0	0	0	0	0	0	0	0
1912-0573	0	0	0	0	0	0	0	0	0	0
1912-0574	0	0	1	0	0	0	0	0	0	1
1912-0575	0	0	0	0	0	0	0	0	0	0
1912-0576	0	0	0	0	0	0	0	0	0	0
1912-0577	0	0	0	0	0	0	0	0	0	0
1912-0578	0	0	0	0	0	0	0	0	0	0
1912-0579	0	0	0	0	0	0	0	0	0	0
1912-0580	1	0	0	0	0	0	0	0	0	1
1912-0581	0	0	0	0	0	0	0	0	0	0
1912-0582	0	0	2	0	0	0	0	0	0	2
1912-0583	0	0	0	0	0	0	0	0	0	0
1912-0584	0	0	1	0	0	0	0	0	0	1
1912-0585	0	0	0	0	0	0	0	0	0	0
1912-0586	0	0	0	0	0	0	0	0	0	0
1912-0587	0	0	0	0	0	0	0	0	0	0
1912-0588	0	0	0	0	0	0	0	0	0	0
1912-0589	0	1	2	0	0	0	0	0	0	3
1912-0590	0	0	0	0	0	0	0	0	0	0
1912-0591	0	0	0	0	0	0	0	0	0	0
1912-0592	0	0	0	0	0	0	0	0	0	0
1912-0593	0	0	0	0	0	0	0	0	0	0
1912-0594	0	0	0	0	0	0	0	0	0	0
1912-0595	0	0	1	0	0	0	0	0	0	1
1912-0596	0	0	0	0	0	0	0	0	0	0
1912-0597	1	0	0	0	0	0	0	0	0	1
1912-0598	0	0	0	0	0	0	0	0	0	0
1912-0599	0	0	1	0	0	0	0	0	0	1
1912-0600	0	0	0	0	0	0	0	0	0	0
1912-0601	0	0	0	0	0	0	0	0	0	0
1912-0602	0	0	1	0	0	0	0	0	0	1
1912-0603	0	0	0	0	0	0	0	0	0	0
1912-0604	0	0	0	0	0	0	0	0	0	0
1912-0605	0	0	0	0	0	0	0	0	0	0
1912-0606	0	0	0	0	0	0	0	0	0	0
1912-0607	0	0	0	0	0	0	0	0	0	0
1912-0608	0	0	0	0	0	0	0	0	0	0
1912-0609	0	0	0	0	0	0	0	0	0	0
1912-0610	0	0	1	0	0	0	0	0	0	1
1912-0611	1	0	0	0	0	0	0	0	0	1
1912-0612	0	0	1	0	0	0	0	0	0	1
1912-0613	1	0	0	0	0	0	0	0	0	1
1912-0614	1	0	0	0	0	0	0	0	0	1
1912-0615	1	0	0	0	0	0	0	0	0	1
1912-0616	0	0	1	0	0	0	0	0	0	1
1912-0617	0	0	0	0	0	0	0	0	0	0
1912-0618	1	0	0	0	0	0	0	0	0	1
1912-0619	0	0	0	0	0	0	0	0	0	0
1912-0620	0	0	0	0	0	0	0	0	0	0
1912-0621	0	0	0	0	0	0	0	0	0	0
1912-0622	0	0	0	0	0	0	0	0	0	0
1912-0623	0	0	0	0	0	0	0	0	0	0
1912-0624	0	0	0	0	0	0	0	0	0	0
1912-0625	0	0	1	0	0	0	0	0	0	1
1912-0626	1	0	0	0	0	0	0	0	0	1
1912-0627	0	0	0	0	0	0	0	0	0	0
1912-0628	0	0	0	0	0	0	0	0	0	0
1912-0629	0	0	0	0	0	0	0	0	0	0
1912-0630	0	0	1	0	0	0	0	0	0	1
1912-0631	0	0	0	0	0	0	0	0	0	0
1912-0632	0	0	0	0	0	0	0	0	0	0
1912-0635	0	0	0	0	0	0	0	0	0	0
1912-0636	0	0	0	0	0	0	0	0	0	0
1912-0637	0	0	0	0	0	0	0	0	0	0
1912-0638	0	0	0	0	0	0	0	0	0	0
1912-0639	0	0	1	0	0	0	0	0	0	1
1912-0640	1	0	0	0	0	0	0	0	0	1
1912-0641	0	1	0	0	0	0	0	0	0	1
1913-0109	0	0	0	0	0	0	0	0	0	0
1913-0110	0	0	0	0	0	0	0	0	0	0
1913-0111	1	0	0	0	0	0	0	0	0	1
1913-0112	0	1	0	0	0	0	0	0	0	1
1913-0113	0	0	0	0	0	0	0	0	0	0
1913-0114	0	0	0	0	0	0	0	0	0	0
1913-0115	0	0	0	0	0	0	0	0	0	0
1913-0116	1	0	0	0	0	0	0	0	0	1
1913-0117	1	1	1	0	0	0	0	0	0	3
1913-0118	0	0	0	0	0	0	0	0	0	0
1913-0119	0	0	0	0	0	0	0	0	0	0
1913-0120	2	0	0	0	0	0	0	0	0	2
1913-0121	0	1	0	0	0	0	0	0	0	1
1913-0122	2	1	1	0	0	0	0	0	0	4
1913-0123	0	2	0	0	0	0	0	0	0	2
1913-0124	0	0	0	0	0	0	0	0	0	0
1913-0125	0	0	0	0	0	0	0	0	0	0
1913-0126	0	0	1	0	0	0	0	0	0	1
1913-0127	0	1	1	0	0	0	0	0	0	2
1913-0128	0	1	0	0	0	0	0	0	0	1
1913-0129	0	0	0	0	0	0	0	0	0	0
1913-0130	0	1	0	0	0	0	0	0	0	1
1913-0131	0	0	0	0	0	0	0	0	0	0
1913-0132	0	1	1	0	0	0	0	0	0	2
1913-0133	0	0	0	0	0	0	0	0	0	0
1913-0134	0	0	0	0	0	0	0	0	0	0
1913-0135	0	2	0	0	0	0	0	0	0	2
1913-0136	0	1	1	0	0	0	0	0	0	2
1913-0137	1	0	0	0	0	0	0	0	0	1
1913-0138	1	0	0	0	0	0	0	0	0	1
1913-0139	0	0	1	0	0	0	0	0	0	1
1913-0140	0	0	0	0	0	0	0	0	0	0
1913-0141	0	1	0	0	0	0	0	0	0	1
1913-0142	0	1	0	0	0	0	0	0	0	1
1913-0143	0	0	1	0	0	0	0	0	0	1
1913-0144	0	0	2	0	0	0	0	0	0	2
1913-0145	0	0	0	0	0	0	0	0	0	0
1913-0146	0	0	0	0	0	0	0	0	0	0
1913-0147	0	2	0	0	0	0	0	0	0	2
1913-0148	0	0	0	0	0	0	0	0	0	0
1913-0149	0	0	0	0	0	0	0	0	0	0
1913-0150	0	2	0	0	0	0	0	0	0	2
1913-0151	1	0	2	0	0	0	0	0	0	3
1913-0152	0	0	1	0	0	0	0	0	0	1
1913-0153	2	1	0	0	0	0	0	0	0	3
1913-0154	0	0	0	0	0	0	0	0	0	0
1913-0155	0	0	0	0	0	0	0	0	0	0
1913-0156	0	1	1	0	0	0	0	0	0	2
1913-0157	0	0	1	0	0	0	0	0	0	1
1913-0158	0	0	0	0	0	0	0	0	0	0
1913-0159	0	0	0	0	0	0	0	0	0	0
1913-0160	0	0	0	0	0	0	0	0	0	0
1913-0161	2	0	2	0	0	0	0	0	0	4
1913-0162	0	1	0	0	0	0	0	0	0	1
1913-0163	0	0	0	0	0	0	0	0	0	0
1913-0164	1	1	0	0	0	0	0	0	0	2
1913-0165	0	0	0	0	0	0	0	0	0	0
1913-0166	0	0	0	0	0	0	0	0	0	0
1913-0167	1	1	0	0	0	0	0	0	0	2
1913-0168	0	0	0	0	0	0	0	0	0	0
1913-0169	0	0	0	0	0	0	0	0	0	0
1913-0170	1	0	1	0	0	0	0	0	0	2
1913-0171	4	0	0	0	0	0	0	0	0	4
1913-0172	0	0	0	0	0	0	0	0	0	0
1913-0173	0	1	0	0	0	0	0	0	0	1
1913-0174	0	0	1	0	0	0	0	0	0	1
1913-0175	0	0	1	0	0	0	0	0	0	1
1913-0176	1	0	2	0	0	0	0	0	0	3
1913-0177	0	0	0	0	0	0	0	0	0	0
1913-0178	0	0	0	0	0	0	0	0	0	0
1913-0179	0	0	0	0	0	0	0	0	0	0
1913-0180	0	0	0	0	0	0	0	0	0	0
1913-0181	0	0	0	0	0	0	0	0	0	0
1913-0182	0	1	0	0	0	0	0	0	0	1
1913-0183	0	0	0	0	0	0	0	0	0	0
1913-0184	0	0	0	0	0	0	0	0	0	0
1913-0185	0	1	0	0	0	0	0	0	0	1
1913-0186	1	0	0	0	0	0	0	0	0	1
1913-0187	0	3	1	0	0	0	0	0	0	4
1913-0188	0	0	1	0	0	0	0	0	0	1
1913-0189	0	3	0	0	0	0	0	0	0	3
1913-0190	0	1	0	0	0	0	0	0	0	1
1913-0191	0	0	0	0	0	0	0	0	0	0
1913-0192	0	1	1	0	0	0	0	0	0	2
1913-0193	0	2	0	0	0	0	0	0	0	2
1913-0194	0	0	0	0	0	0	0	0	0	0
1913-0195	0	0	1	0	0	0	0	0	0	1
1913-0196	0	0	0	0	0	0	0	0	0	0
1913-0197	1	0	0	0	0	0	0	0	0	1
1913-0198	1	1	2	0	0	0	0	0	0	4
1913-0199	0	0	1	0	0	0	0	0	0	1
1913-0200	1	0	0	0	0	0	0	0	0	1
1913-0201	0	0	0	0	0	0	0	0	0	0
1913-0202	0	0	1	0	0	0	0	0	0	1
1913-0203	0	3	0	0	0	0	0	0	0	3
1913-0204	0	3	1	0	0	0	0	0	0	4
1913-0205	0	0	0	0	0	0	0	0	0	0
1913-0206	1	0	1	0	0	0	0	0	0	2
1913-0207	0	1	0	0	0	0	0	0	0	1
1913-0208	1	0	2	0	0	0	0	0	0	3
1913-0209	0	0	0	0	0	0	0	0	0	0
1913-0210	0	0	0	0	0	0	0	0	0	0
1913-0211	1	0	0	0	0	0	0	0	0	1
1913-0212	0	0	0	0	0	0	0	0	0	0
1913-0213	0	0	0	0	0	0	0	0	0	0
1913-0259	8	4	1	0	0	0	0	0	0	13
1913-0260	7	10	4	0	0	0	0	0	0	21
1913-0261	7	1	3	0	0	0	0	0	0	11
1913-0262	7	9	2	0	0	0	0	0	0	18
1913-0263	4	4	2	0	0	0	0	0	0	10
1913-0264	2	5	7	0	0	0	0	0	0	14
1913-0265	7	3	3	0	0	0	0	0	0	13
1913-0266	5	1	1	0	0	0	0	0	0	7
1913-0477	0	0	1	0	0	0	0	0	0	1
1913-0478	0	0	0	0	0	0	0	0	0	0
1913-0479	0	0	0	0	0	0	0	0	0	0
1913-0480	0	0	1	0	0	0	0	0	0	1
1913-0481	0	0	0	0	0	0	0	0	0	0
1913-0482	0	0	0	0	0	0	0	0	0	0
1913-0483	0	1	1	0	0	0	0	0	0	2
1913-0484	0	0	0	0	0	0	0	0	0	0
1913-0507	2	0	1	0	0	0	0	0	0	3
1913-0508	0	0	1	0	0	0	0	0	0	1
1913-0509	0	0	0	0	0	0	0	0	0	0
1913-0510	0	0	0	0	0	0	0	0	0	0
1913-0511	0	0	0	0	0	0	0	0	0	0
1913-0512	0	0	0	0	0	0	0	0	0	0
1913-0513	0	0	0	0	0	0	0	0	0	0
1913-0514	0	0	1	0	0	0	0	0	0	1
1913-0515	0	0	0	0	0	0	0	0	0	0
1913-0516	2	0	0	0	0	0	0	0	0	2
1913-0517	0	0	0	0	0	0	0	0	0	0
1913-0518	0	0	0	0	0	0	0	0	0	0
1913-0519	0	0	0	0	0	0	0	0	0	0
1913-0520	0	0	0	0	0	0	0	0	0	0
1913-0521	1	0	0	0	0	0	0	0	0	1
1913-0522	0	0	0	0	0	0	0	0	0	0
1913-0523	0	0	0	0	0	0	0	0	0	0
1913-0524	1	0	0	0	0	0	0	0	0	1
1913-0525	0	0	0	0	0	0	0	0	0	0
1913-0526	0	0	0	0	0	0	0	0	0	0
1913-0527	0	0	0	0	0	0	0	0	0	0
1913-0528	1	0	0	0	0	0	0	0	0	1
1913-0529	1	0	0	0	0	0	0	0	0	1
1913-0530	0	0	0	0	0	0	0	0	0	0
1913-0531	0	0	0	0	0	0	0	0	0	0
1913-0532	0	0	1	0	0	0	0	0	0	1
1913-0533	0	0	1	0	0	0	0	0	0	1
1913-0534	1	0	0	0	0	0	0	0	0	1
1913-0535	0	0	0	0	0	0	0	0	0	0
1913-0536	0	0	1	0	0	0	0	0	0	1
1913-0537	0	0	1	0	0	0	0	0	0	1
1913-0538	1	0	0	0	0	0	0	0	0	1
1913-0539	0	0	0	0	0	0	0	0	0	0
1913-0540	0	0	0	0	0	0	0	0	0	0
1913-0541	0	0	0	0	0	0	0	0	0	0
1913-0542	0	0	0	0	0	0	0	0	0	0
1913-0543	0	0	1	0	0	0	0	0	0	1
1913-0544	0	0	1	0	0	0	0	0	0	1
1913-0545	0	0	1	0	0	0	0	0	0	1
1913-0546	0	0	0	0	0	0	0	0	0	0
1913-0547	0	0	1	0	0	0	0	0	0	1
1913-0548	0	0	0	0	0	0	0	0	0	0
1913-0549	0	0	0	0	0	0	0	0	0	0
1913-0550	0	0	0	0	0	0	0	0	0	0
1913-0551	0	0	1	0	0	0	0	0	0	1
1913-0552	0	0	0	0	0	0	0	0	0	0
1913-0553	0	0	1	0	0	0	0	0	0	1
1913-0554	1	0	0	0	0	0	0	0	0	1
1913-0555	0	0	0	0	0	0	0	0	0	0
1913-0556	0	0	0	0	0	0	0	0	0	0
1913-0557	0	0	0	0	0	0	0	0	0	0
1913-0558	0	0	1	0	0	0	0	0	0	1
1913-0559	1	0	0	0	0	0	0	0	0	1
1913-0560	0	0	0	0	0	0	0	0	0	0
1913-0561	0	0	1	0	0	0	0	0	0	1
1913-0562	0	0	0	0	0	0	0	0	0	0
1913-0563	0	0	1	0	0	0	0	0	0	1
1913-0564	0	0	0	0	0	0	0	0	0	0
1913-0565	0	0	1	0	0	0	0	0	0	1
1913-0566	0	0	0	0	0	0	0	0	0	0
1913-0567	0	0	0	0	0	0	0	0	0	0
1913-0568	0	1	0	0	0	0	0	0	0	1
1913-0569	1	0	0	0	0	0	0	0	0	1
1913-0570	0	0	0	0	0	0	0	0	0	0
1913-0571	2	0	0	0	0	0	0	0	0	2
1913-0572	0	0	0	0	0	0	0	0	0	0
1913-0573	0	0	1	0	0	0	0	0	0	1
1913-0574	0	0	0	0	0	0	0	0	0	0
1913-0575	0	0	0	0	0	0	0	0	0	0
1913-0576	0	0	0	0	0	0	0	0	0	0
1913-0577	0	0	0	0	0	0	0	0	0	0
1913-0578	0	1	2	0	0	0	0	0	0	3
1913-0579	0	0	0	0	0	0	0	0	0	0
1913-0580	0	1	0	0	0	0	0	0	0	1
1913-0581	0	0	0	0	0	0	0	0	0	0
1913-0582	0	0	0	0	0	0	0	0	0	0
1913-0583	0	0	0	0	0	0	0	0	0	0
1913-0584	0	0	0	0	0	0	0	0	0	0
1913-0585	0	0	0	0	0	0	0	0	0	0
1913-0586	0	0	0	0	0	0	0	0	0	0
1913-0587	0	0	1	0	0	0	0	0	0	1
1913-0588	0	0	0	0	0	0	0	0	0	0
1913-0589	0	0	0	0	0	0	0	0	0	0
1913-0590	0	0	0	0	0	0	0	0	0	0
1913-0591	0	0	0	0	0	0	0	0	0	0
1913-0592	0	0	0	0	0	0	0	0	0	0
1913-0593	1	0	0	0	0	0	0	0	0	1
1913-0594	0	0	0	0	0	0	0	0	0	0
1913-0595	0	0	2	0	0	0	0	0	0	2
1913-0596	0	0	0	0	0	0	0	0	0	0
1913-0597	0	0	0	0	0	0	0	0	0	0
1913-0598	0	0	1	0	0	0	0	0	0	1
1913-0599	0	0	0	0	0	0	0	0	0	0
1913-0600	0	0	0	0	0	0	0	0	0	0
1913-0601	0	0	0	0	0	0	0	0	0	0
1913-0602	0	1	0	0	0	0	0	0	0	1
1913-0603	0	0	2	0	0	0	0	0	0	2
1913-0604	0	0	0	0	0	0	0	0	0	0
1913-0605	0	0	0	0	0	0	0	0	0	0
1913-0606	0	0	0	0	0	0	0	0	0	0
1913-0607	0	0	0	0	0	0	0	0	0	0
1913-0608	0	0	1	0	0	0	0	0	0	1
1913-0609	0	0	0	0	0	0	0	0	0	0
1913-0610	0	0	0	0	0	0	0	0	0	0
1913-0611	1	0	0	0	0	0	0	0	0	1
1913-0612	0	0	0	0	0	0	0	0	0	0
1913-0613	0	0	0	0	0	0	0	0	0	0
1913-0614	0	0	0	0	0	0	0	0	0	0
1913-0615	0	0	1	0	0	0	0	0	0	1
1913-0616	0	0	0	0	0	0	0	0	0	0
1913-0617	0	0	0	0	0	0	0	0	0	0
1913-0618	0	0	0	0	0	0	0	0	0	0
1913-0619	0	0	0	0	0	0	0	0	0	0
1913-0620	0	0	0	0	0	0	0	0	0	0
1913-0621	0	0	0	0	0	0	0	0	0	0
1913-0622	0	0	0	0	0	0	0	0	0	0
1913-0623	0	0	1	0	0	0	0	0	0	1
1913-0624	1	0	0	0	0	0	0	0	0	1
1913-0625	0	0	0	0	0	0	0	0	0	0
1913-0626	1	0	1	0	0	0	0	0	0	2
1913-0627	1	0	0	0	0	0	0	0	0	1
1913-0628	1	0	0	0	0	0	0	0	0	1
1913-0629	0	0	1	0	0	0	0	0	0	1
1913-0630	0	0	0	0	0	0	0	0	0	0
1913-0631	0	0	0	0	0	0	0	0	0	0
1913-0632	0	0	0	0	0	0	0	0	0	0
1913-0633	0	0	0	0	0	0	0	0	0	0
1913-0634	0	0	0	0	0	0	0	0	0	0
1913-0635	1	0	0	0	0	0	0	0	0	1
1913-0636	0	0	0	0	0	0	0	0	0	0
1913-0637	0	0	0	0	0	0	0	0	0	0
1913-0638	0	0	0	0	0	0	0	0	0	0
1913-0639	0	0	0	0	0	0	0	0	0	0
1913-0640	0	0	0	0	0	0	0	0	0	0
1913-0641	0	0	0	0	0	0	0	0	0	0
1913-0642	0	0	0	0	0	0	0	0	0	0
1913-0643	0	0	0	0	0	0	0	0	0	0
1913-0644	0	0	2	0	0	0	0	0	0	2
1913-0645	0	0	0	0	0	0	0	0	0	0
1913-0646	0	0	0	0	0	0	0	0	0	0
1913-0647	0	0	0	0	0	0	0	0	0	0
1913-0648	0	0	0	0	0	0	0	0	0	0
1913-0649	0	0	0	0	0	0	0	0	0	0
1913-0650	0	0	1	0	0	0	0	0	0	1
1913-0651	1	0	0	0	0	0	0	0	0	1
1913-0652	0	1	0	0	0	0	0	0	0	1
1914-0085	0	0	0	0	0	0	0	0	0	0
1914-0086	0	0	0	0	0	0	0	0	0	0
1914-0087	0	0	0	0	0	0	0	0	0	0
1914-0088	1	1	0	0	0	0	0	0	0	2
1914-0089	0	0	0	0	0	0	0	0	0	0
1914-0090	0	0	0	0	0	0	0	0	0	0
1914-0091	0	0	0	0	0	0	0	0	0	0
1914-0092	1	0	0	0	0	0	0	0	0	1
1914-0093	0	1	0	0	0	0	0	0	0	1
1914-0094	1	0	1	0	0	0	0	0	0	2
1914-0095	0	0	1	0	0	0	0	0	0	1
1914-0096	2	0	0	0	0	0	0	0	0	2
1914-0097	1	1	0	0	0	0	0	0	0	2
1914-0098	1	1	1	0	0	0	0	0	0	3
1914-0099	1	2	0	0	0	0	0	0	0	3
1914-0100	0	0	0	0	0	0	0	0	0	0
1914-0101	0	0	0	0	0	0	0	0	0	0
1914-0102	0	0	0	0	0	0	0	0	0	0
1914-0103	0	1	2	0	0	0	0	0	0	3
1914-0104	0	1	0	0	0	0	0	0	0	1
1914-0105	0	0	0	0	0	0	0	0	0	0
1914-0106	0	0	0	0	0	0	0	0	0	0
1914-0107	0	1	0	0	0	0	0	0	0	1
1914-0108	2	1	1	0	0	0	0	0	0	4
1914-0109	0	0	0	0	0	0	0	0	0	0
1914-0110	0	0	1	0	0	0	0	0	0	1
1914-0111	0	2	0	0	0	0	0	0	0	2
1914-0112	1	1	0	0	0	0	0	0	0	2
1914-0113	1	0	1	0	0	0	0	0	0	2
1914-0114	1	0	0	0	0	0	0	0	0	1
1914-0115	0	0	0	0	0	0	0	0	0	0
1914-0116	0	0	1	0	0	0	0	0	0	1
1914-0117	0	0	0	0	0	0	0	0	0	0
1914-0118	0	2	0	0	0	0	0	0	0	2
1914-0119	0	0	1	0	0	0	0	0	0	1
1914-0120	0	0	0	0	0	0	0	0	0	0
1914-0121	0	0	0	0	0	0	0	0	0	0
1914-0122	0	0	0	0	0	0	0	0	0	0
1914-0123	0	0	0	0	0	0	0	0	0	0
1914-0124	0	2	0	0	0	0	0	0	0	2
1914-0125	0	0	0	0	0	0	0	0	0	0
1914-0126	0	1	0	0	0	0	0	0	0	1
1914-0127	0	1	2	0	0	0	0	0	0	3
1914-0128	1	0	2	0	0	0	0	0	0	3
1914-0129	1	2	0	0	0	0	0	0	0	3
1914-0130	0	0	0	0	0	0	0	0	0	0
1914-0131	0	0	0	0	0	0	0	0	0	0
1914-0132	0	0	0	0	0	0	0	0	0	0
1914-0133	0	1	2	0	0	0	0	0	0	3
1914-0134	0	0	0	0	0	0	0	0	0	0
1914-0135	0	0	0	0	0	0	0	0	0	0
1914-0136	0	0	0	0	0	0	0	0	0	0
1914-0137	0	0	1	0	0	0	0	0	0	1
1914-0138	2	0	2	0	0	0	0	0	0	4
1914-0139	0	1	0	0	0	0	0	0	0	1
1914-0140	1	0	0	0	0	0	0	0	0	1
1914-0141	0	1	0	0	0	0	0	0	0	1
1914-0142	0	0	0	0	0	0	0	0	0	0
1914-0143	1	1	0	0	0	0	0	0	0	2
1914-0144	0	0	0	0	0	0	0	0	0	0
1914-0145	0	0	1	0	0	0	0	0	0	1
1914-0146	1	0	1	0	0	0	0	0	0	2
1914-0147	3	0	0	0	0	0	0	0	0	3
1914-0148	0	0	0	0	0	0	0	0	0	0
1914-0149	0	1	0	0	0	0	0	0	0	1
1914-0150	0	0	1	0	0	0	0	0	0	1
1914-0151	0	0	1	0	0	0	0	0	0	1
1914-0152	0	0	2	0	0	0	0	0	0	2
1914-0153	1	0	0	0	0	0	0	0	0	1
1914-0154	0	0	0	0	0	0	0	0	0	0
1914-0155	0	0	0	0	0	0	0	0	0	0
1914-0156	0	0	0	0	0	0	0	0	0	0
1914-0157	0	0	0	0	0	0	0	0	0	0
1914-0158	0	1	0	0	0	0	0	0	0	1
1914-0159	0	0	0	0	0	0	0	0	0	0
1914-0160	0	0	0	0	0	0	0	0	0	0
1914-0161	0	1	0	0	0	0	0	0	0	1
1914-0162	1	0	0	0	0	0	0	0	0	1
1914-0163	0	3	0	0	0	0	0	0	0	3
1914-0164	0	0	1	0	0	0	0	0	0	1
1914-0165	0	2	0	0	0	0	0	0	0	2
1914-0166	0	1	0	0	0	0	0	0	0	1
1914-0167	0	0	0	0	0	0	0	0	0	0
1914-0168	1	1	1	0	0	0	0	0	0	3
1914-0169	0	2	0	0	0	0	0	0	0	2
1914-0170	0	0	0	0	0	0	0	0	0	0
1914-0171	0	0	1	0	0	0	0	0	0	1
1914-0172	0	0	0	0	0	0	0	0	0	0
1914-0173	1	0	0	0	0	0	0	0	0	1
1914-0174	0	2	1	0	0	0	0	0	0	3
1914-0175	0	0	0	0	0	0	0	0	1	1
1914-0176	1	0	1	0	0	0	0	0	0	2
1914-0177	0	0	0	0	0	0	0	0	0	0
1914-0178	0	0	1	0	0	0	0	0	0	1
1914-0179	0	2	0	0	0	0	0	0	0	2
1914-0180	0	4	1	0	0	0	0	0	0	5
1914-0181	0	0	0	0	0	0	0	0	0	0
1914-0182	1	0	1	0	0	0	0	0	0	2
1914-0183	0	1	0	0	0	0	0	0	0	1
1914-0184	0	0	2	0	0	0	0	0	0	2
1914-0185	1	0	0	0	0	0	0	0	0	1
1914-0186	0	0	0	0	0	0	0	0	0	0
1914-0187	0	0	0	0	0	0	0	0	0	0
1914-0237	8	3	1	0	0	0	0	0	0	12
1914-0238	5	9	3	0	0	0	0	0	0	17
1914-0239	7	2	3	0	0	0	0	0	0	12
1914-0240	6	10	2	0	0	0	0	0	0	18
1914-0241	6	5	1	0	0	0	0	0	0	12
1914-0242	1	5	3	0	0	0	0	0	0	9
1914-0243	9	3	3	0	0	0	0	0	0	15
1914-0459	0	0	1	0	0	0	0	0	0	1
1914-0460	0	0	0	0	0	0	0	0	0	0
1914-0461	0	0	0	0	0	0	0	0	0	0
1914-0462	0	0	1	0	0	0	0	0	0	1
1914-0463	0	0	0	0	0	0	0	0	0	0
1914-0464	0	0	0	0	0	0	0	0	0	0
1914-0465	0	0	1	0	0	0	0	0	0	1
1914-0466	0	2	0	0	0	0	0	0	0	2
1914-0493	2	0	0	0	0	0	0	0	0	2
1914-0494	0	0	1	0	0	0	0	0	0	1
1914-0495	0	0	0	0	0	0	0	0	0	0
1914-0496	0	0	0	0	0	0	0	0	0	0
1914-0497	0	0	0	0	0	0	0	0	0	0
1914-0498	0	0	0	0	0	0	0	0	0	0
1914-0499	0	0	0	0	0	0	0	0	0	0
1914-0500	0	0	1	0	0	0	0	0	0	1
1914-0501	0	0	0	0	0	0	0	0	0	0
1914-0502	1	0	0	0	0	0	0	0	0	1
1914-0503	0	0	0	0	0	0	0	0	0	0
1914-0504	0	0	0	0	0	0	0	0	0	0
1914-0505	0	0	0	0	0	0	0	0	0	0
1914-0506	0	0	0	0	0	0	0	0	0	0
1914-0507	1	0	0	0	0	0	0	0	0	1
1914-0508	0	0	0	0	0	0	0	0	0	0
1914-0509	0	0	0	0	0	0	0	0	0	0
1914-0510	1	0	0	0	0	0	0	0	0	1
1914-0511	0	1	0	0	0	0	0	0	0	1
1914-0512	0	0	0	0	0	0	0	0	0	0
1914-0513	0	0	0	0	0	0	0	0	0	0
1914-0514	1	0	0	0	0	0	0	0	0	1
1914-0515	1	0	0	0	0	0	0	0	0	1
1914-0516	0	0	0	0	0	0	0	0	0	0
1914-0517	0	0	0	0	0	0	0	0	0	0
1914-0518	0	0	1	0	0	0	0	0	0	1
1914-0519	0	0	1	0	0	0	0	0	0	1
1914-0520	1	0	0	0	0	0	0	0	0	1
1914-0521	0	0	0	0	0	0	0	0	0	0
1914-0522	0	0	1	0	0	0	0	0	0	1
1914-0523	0	0	1	0	0	0	0	0	0	1
1914-0524	1	0	0	0	0	0	0	0	0	1
1914-0525	0	0	0	0	0	0	0	0	0	0
1914-0526	0	0	0	0	0	0	0	0	0	0
1914-0527	0	0	0	0	0	0	0	0	0	0
1914-0528	0	0	0	0	0	0	0	0	0	0
1914-0529	0	0	0	0	0	0	0	0	0	0
1914-0530	0	0	2	0	0	0	0	0	0	2
1914-0531	0	0	1	0	0	0	0	0	0	1
1914-0532	0	0	0	0	0	0	0	0	0	0
1914-0533	0	0	0	0	0	0	0	0	0	0
1914-0534	0	0	1	0	0	0	0	0	0	1
1914-0535	0	0	0	0	0	0	0	0	0	0
1914-0536	0	0	0	0	0	0	0	0	0	0
1914-0537	0	0	0	0	0	0	0	0	0	0
1914-0538	0	0	1	0	0	0	0	0	0	1
1914-0539	0	0	1	0	0	0	0	0	0	1
1914-0540	1	0	0	0	0	0	0	0	0	1
1914-0541	0	0	0	0	0	0	0	0	0	0
1914-0542	0	0	0	0	0	0	0	0	0	0
1914-0543	0	0	0	0	0	0	0	0	0	0
1914-0544	0	0	1	0	0	0	0	0	0	1
1914-0545	0	0	0	0	0	0	0	0	0	0
1914-0546	0	0	0	0	0	0	0	0	0	0
1914-0547	0	0	0	0	0	0	0	0	0	0
1914-0548	0	0	1	0	0	0	0	0	0	1
1914-0549	0	0	0	0	0	0	0	0	0	0
1914-0550	0	0	1	0	0	0	0	0	0	1
1914-0551	0	0	0	0	0	0	0	0	0	0
1914-0552	0	0	1	0	0	0	0	0	0	1
1914-0553	0	0	0	0	0	0	0	0	0	0
1914-0554	0	0	0	0	0	0	0	0	0	0
1914-0555	0	1	0	0	0	0	0	0	0	1
1914-0556	1	0	0	0	0	0	0	0	0	1
1914-0557	0	0	0	0	0	0	0	0	0	0
1914-0558	2	0	0	0	0	0	0	0	0	2
1914-0559	0	0	0	0	0	0	0	0	0	0
1914-0560	0	0	0	0	0	0	0	0	0	0
1914-0561	0	0	1	0	0	0	0	0	0	1
1914-0562	0	0	0	0	0	0	0	0	0	0
1914-0563	0	0	0	0	0	0	0	0	0	0
1914-0564	0	0	0	0	0	0	0	0	0	0
1914-0565	0	0	1	0	0	0	0	0	0	1
1914-0566	0	1	1	0	0	0	0	0	0	2
1914-0567	0	1	0	0	0	0	0	0	0	1
1914-0568	0	0	0	0	0	0	0	0	0	0
1914-0569	0	0	0	0	0	0	0	0	0	0
1914-0570	0	0	0	0	0	0	0	0	0	0
1914-0571	0	0	0	0	0	0	0	0	0	0
1914-0572	0	0	1	0	0	0	0	0	0	1
1914-0573	0	0	0	0	0	0	0	0	0	0
1914-0574	0	0	0	0	0	0	0	0	0	0
1914-0575	0	0	1	0	0	0	0	0	0	1
1914-0576	0	0	0	0	0	0	0	0	0	0
1914-0577	0	0	0	0	0	0	0	0	0	0
1914-0578	0	0	0	0	0	0	0	0	0	0
1914-0579	0	0	1	0	0	0	0	0	0	1
1914-0580	1	0	0	0	0	0	0	0	0	1
1914-0581	1	0	0	0	0	0	0	0	0	1
1914-0582	1	0	1	0	0	0	0	0	0	2
1914-0583	0	0	2	0	0	0	0	0	0	2
1914-0584	0	0	0	0	0	0	0	0	0	0
1914-0585	0	0	0	0	0	0	0	0	0	0
1914-0586	0	0	1	0	0	0	0	0	0	1
1914-0587	0	0	0	0	0	0	0	0	0	0
1914-0588	0	0	0	0	0	0	0	0	0	0
1914-0589	0	0	0	0	0	0	0	0	0	0
1914-0590	0	1	0	0	0	0	0	0	0	1
1914-0591	0	0	2	0	0	0	0	0	0	2
1914-0592	0	0	1	0	0	0	0	0	0	1
1914-0593	0	0	0	0	0	0	0	0	0	0
1914-0594	0	0	0	0	0	0	0	0	0	0
1914-0595	0	0	0	0	0	0	0	0	0	0
1914-0596	0	0	0	0	0	0	0	0	0	0
1914-0597	0	0	1	0	0	0	0	0	0	1
1914-0598	0	0	0	0	0	0	0	0	0	0
1914-0599	1	0	0	0	0	0	0	0	0	1
1914-0600	0	0	0	0	0	0	0	0	0	0
1914-0601	0	0	0	0	0	0	0	0	0	0
1914-0602	0	0	0	0	0	0	0	0	0	0
1914-0603	0	0	0	0	0	0	0	0	0	0
1914-0604	0	0	1	0	0	0	0	0	0	1
1914-0605	0	0	0	0	0	0	0	0	0	0
1914-0606	0	0	0	0	0	0	0	0	0	0
1914-0607	0	0	0	0	0	0	0	0	0	0
1914-0608	0	0	0	0	0	0	0	0	0	0
1914-0609	0	0	0	0	0	0	0	0	0	0
1914-0610	0	0	0	0	0	0	0	0	0	0
1914-0611	0	0	0	0	0	0	0	0	0	0
1914-0612	0	0	1	0	0	0	0	0	0	1
1914-0613	0	0	0	0	0	0	0	0	0	0
1914-0614	1	0	0	0	0	0	0	0	0	1
1914-0615	1	0	1	0	0	0	0	0	0	2
1914-0616	1	0	0	0	0	0	0	0	0	1
1914-0617	0	0	0	0	0	0	0	0	0	0
1914-0618	1	0	0	0	0	0	0	0	0	1
1914-0619	0	0	1	0	0	0	0	0	0	1
1914-0620	0	0	0	0	0	0	0	0	0	0
1914-0621	0	0	0	0	0	0	0	0	0	0
1914-0622	0	0	0	0	0	0	0	0	0	0
1914-0623	0	0	0	0	0	0	0	0	0	0
1914-0624	0	0	0	0	0	0	0	0	0	0
1914-0625	2	0	0	0	0	0	0	0	0	2
1914-0626	0	0	0	0	0	0	0	0	0	0
1914-0627	0	0	0	0	0	0	0	0	0	0
1914-0628	0	0	0	0	0	0	0	0	0	0
1914-0629	1	0	0	0	0	0	0	0	0	1
1914-0630	0	0	0	0	0	0	0	0	0	0
1914-0631	0	0	0	0	0	0	0	0	0	0
1914-0632	0	0	0	0	0	0	0	0	0	0
1914-0633	0	0	1	0	0	0	0	0	0	1
1914-0634	0	0	1	0	0	0	0	0	0	1
1914-0635	0	0	0	0	0	0	0	0	0	0
1914-0636	0	0	0	0	0	0	0	0	0	0
1914-0637	0	0	0	0	0	0	0	0	0	0
1914-0638	0	0	1	0	0	0	0	0	0	1
1914-0639	1	0	1	0	0	0	0	0	0	2
1914-0640	0	0	0	0	0	0	0	0	0	0
1917-0071	0	0	0	0	0	0	0	0	0	0
1917-0072	0	0	0	0	0	0	0	0	0	0
1917-0073	0	0	0	0	0	0	0	0	0	0
1917-0074	1	1	0	0	0	0	0	0	0	2
1917-0075	0	0	1	0	0	0	0	0	0	1
1917-0076	0	0	0	0	0	0	0	0	0	0
1917-0077	0	0	0	0	0	0	0	0	0	0
1917-0078	1	0	0	0	0	0	0	0	0	1
1917-0079	0	1	0	0	0	0	0	0	0	1
1917-0080	1	0	1	0	0	0	0	0	0	2
1917-0081	0	0	0	0	0	0	0	0	0	0
1917-0082	2	0	1	0	0	0	0	0	0	3
1917-0083	1	1	0	0	0	0	0	0	0	2
1917-0084	1	1	0	0	0	0	0	0	0	2
1917-0085	1	2	1	0	0	0	0	0	0	4
1917-0086	0	0	0	0	0	0	0	0	0	0
1917-0087	0	0	0	0	0	0	0	0	0	0
1917-0088	0	0	0	0	0	0	0	0	0	0
1917-0089	0	1	2	0	0	0	0	0	0	3
1917-0090	0	1	1	0	0	0	0	0	0	2
1917-0091	0	0	0	0	0	0	0	0	0	0
1917-0092	0	0	0	0	0	0	0	0	0	0
1917-0093	0	1	0	0	0	0	0	0	0	1
1917-0094	1	0	1	0	0	0	0	0	0	2
1917-0095	0	1	0	0	0	0	0	0	0	1
1917-0096	0	0	0	0	0	0	0	0	0	0
1917-0097	0	0	0	0	0	0	0	0	0	0
1917-0098	0	3	1	0	0	0	0	0	0	4
1917-0099	2	0	1	0	0	0	0	0	0	3
1917-0100	0	0	0	0	0	0	0	0	0	0
1917-0101	1	0	0	0	0	0	0	0	0	1
1917-0102	0	0	2	0	0	0	0	0	0	2
1917-0103	0	0	0	0	0	0	0	0	0	0
1917-0104	0	1	0	0	0	0	0	0	0	1
1917-0105	0	1	0	0	0	0	0	0	0	1
1917-0106	0	0	1	0	0	0	0	0	0	1
1917-0107	0	0	1	0	0	0	0	0	0	1
1917-0108	0	0	0	0	0	0	0	0	0	0
1917-0109	0	0	0	0	0	0	0	0	0	0
1917-0110	0	2	0	0	0	0	0	0	0	2
1917-0111	0	0	0	0	0	0	0	0	0	0
1917-0112	0	1	0	0	0	0	0	0	0	1
1917-0113	0	1	1	0	0	0	0	0	0	2
1917-0114	1	0	2	0	0	0	0	0	0	3
1917-0115	0	0	1	0	0	0	0	0	0	1
1917-0116	2	1	0	0	0	0	0	0	0	3
1917-0117	0	0	0	0	0	0	0	0	0	0
1917-0118	0	0	0	0	0	0	0	0	0	0
1917-0119	0	1	3	0	0	0	0	0	0	4
1917-0120	0	0	1	0	0	0	0	0	0	1
1917-0121	0	0	0	0	0	0	0	0	0	0
1917-0122	1	0	0	0	0	0	0	0	0	1
1917-0123	0	0	1	0	0	0	0	0	0	1
1917-0124	2	0	3	0	0	0	0	0	0	5
1917-0125	0	1	0	0	0	0	0	0	0	1
1917-0126	0	0	0	0	0	0	0	0	0	0
1917-0127	1	1	1	0	0	0	0	0	0	3
1917-0128	0	0	0	0	0	0	0	0	0	0
1917-0129	2	0	0	0	0	0	0	0	0	2
1917-0130	0	1	0	0	0	0	0	0	0	1
1917-0131	0	0	0	0	0	0	0	0	0	0
1917-0132	1	0	0	0	0	0	0	0	0	1
1917-0133	2	0	1	0	0	0	0	0	0	3
1917-0134	1	0	1	0	0	0	0	0	0	2
1917-0135	0	0	0	0	0	0	0	0	0	0
1917-0136	0	1	1	0	0	0	0	0	0	2
1917-0137	0	0	0	0	0	0	0	0	0	0
1917-0138	0	0	1	0	0	0	0	0	0	1
1917-0139	1	0	2	0	0	0	0	0	0	3
1917-0140	0	0	0	0	0	0	0	0	0	0
1917-0141	0	0	0	0	0	0	0	0	0	0
1917-0142	0	0	0	0	0	0	0	0	0	0
1917-0143	0	0	0	0	0	0	0	0	0	0
1917-0144	0	0	0	0	0	0	0	0	0	0
1917-0145	0	1	0	0	0	0	0	0	0	1
1917-0146	0	0	1	0	0	0	0	0	0	1
1917-0147	0	0	0	0	0	0	0	0	0	0
1917-0148	0	1	1	0	0	0	0	0	0	2
1917-0149	1	2	0	0	0	0	0	0	0	3
1917-0150	0	0	0	0	0	0	0	0	0	0
1917-0151	0	1	0	0	0	0	0	0	0	1
1917-0152	0	1	0	0	0	0	0	0	0	1
1917-0153	1	1	0	0	0	0	0	0	0	2
1917-0154	1	0	1	0	0	0	0	0	0	2
1917-0155	0	3	0	0	0	0	0	0	0	3
1917-0156	1	0	0	0	0	0	0	0	0	1
1917-0157	0	0	1	0	0	0	0	0	0	1
1917-0158	0	0	0	0	0	0	0	0	0	0
1917-0159	1	0	0	0	0	0	0	0	0	1
1917-0160	0	1	0	0	0	0	0	0	0	1
1917-0161	0	1	1	0	0	0	0	0	1	3
1917-0162	0	0	1	0	0	0	0	0	0	1
1917-0163	1	0	0	0	0	0	0	0	0	1
1917-0164	0	0	0	0	0	0	0	0	0	0
1917-0165	0	1	1	0	0	0	0	0	0	2
1917-0166	0	5	0	0	0	0	0	0	0	5
1917-0167	0	0	1	0	0	0	0	0	0	1
1917-0168	0	0	0	0	0	0	0	0	0	0
1917-0169	1	0	0	0	0	0	0	0	0	1
1917-0170	0	0	3	0	0	0	0	0	0	3
1917-0171	1	0	0	0	0	0	0	0	0	1
1917-0172	0	0	0	0	0	0	0	0	0	0
1917-0173	1	0	0	0	0	0	0	0	0	1
1917-0174	1	0	0	0	0	0	0	0	0	1
1917-0175	0	0	0	0	0	0	0	0	0	0
1917-0221	7	4	1	0	0	0	0	0	0	12
1917-0222	8	9	2	0	0	0	0	0	0	19
1917-0223	6	4	4	0	0	0	0	0	0	14
1917-0224	7	10	1	0	0	0	0	0	0	18
1917-0225	8	4	2	0	0	0	0	0	0	14
1917-0226	2	7	5	0	0	0	0	0	0	14
1917-0227	6	3	2	0	0	0	0	0	0	11
1917-0228	11	6	3	0	0	0	0	0	0	20
1917-0309	0	0	1	0	0	0	0	0	0	1
1917-0310	1	0	0	0	0	0	0	0	0	1
1917-0311	0	0	0	0	0	0	0	0	0	0
1917-0312	0	0	1	0	0	0	0	0	0	1
1917-0313	0	0	1	0	0	0	0	0	0	1
1917-0314	0	0	0	0	0	0	0	0	0	0
1917-0315	0	0	0	0	0	0	0	0	0	0
1917-0316	0	1	1	0	0	0	0	0	0	2
1917-0317	0	1	0	0	0	0	0	0	0	1
1917-0343	2	0	0	0	0	0	0	0	0	2
1917-0344	0	0	1	0	0	0	0	0	0	1
1917-0345	0	0	0	0	0	0	0	0	0	0
1917-0346	0	0	0	0	0	0	0	0	0	0
1917-0347	0	0	0	0	0	0	0	0	0	0
1917-0348	0	0	0	0	0	0	0	0	0	0
1917-0349	0	0	0	0	0	0	0	0	0	0
1917-0350	0	0	1	0	0	0	0	0	0	1
1917-0351	0	0	0	0	0	0	0	0	0	0
1917-0352	1	0	0	0	0	0	0	0	0	1
1917-0353	0	0	0	0	0	0	0	0	0	0
1917-0354	0	0	0	0	0	0	0	0	0	0
1917-0355	0	0	0	0	0	0	0	0	0	0
1917-0356	0	0	0	0	0	0	0	0	0	0
1917-0357	1	0	0	0	0	0	0	0	0	1
1917-0358	0	0	0	0	0	0	0	0	0	0
1917-0359	0	0	0	0	0	0	0	0	0	0
1917-0360	1	0	0	0	0	0	0	0	0	1
1917-0361	0	1	0	0	0	0	0	0	0	1
1917-0362	0	0	0	0	0	0	0	0	0	0
1917-0363	0	0	0	0	0	0	0	0	0	0
1917-0364	1	0	0	0	0	0	0	0	0	1
1917-0365	1	0	0	0	0	0	0	0	0	1
1917-0366	0	0	0	0	0	0	0	0	0	0
1917-0367	0	0	0	0	0	0	0	0	0	0
1917-0368	0	0	1	0	0	0	0	0	0	1
1917-0369	0	0	1	0	0	0	0	0	0	1
1917-0370	1	0	0	0	0	0	0	0	0	1
1917-0371	0	0	0	0	0	0	0	0	0	0
1917-0372	0	0	1	0	0	0	0	0	0	1
1917-0373	0	0	1	0	0	0	0	0	0	1
1917-0374	1	0	0	0	0	0	0	0	0	1
1917-0375	0	0	0	0	0	0	0	0	0	0
1917-0376	0	0	0	0	0	0	0	0	0	0
1917-0377	0	0	0	0	0	0	0	0	0	0
1917-0378	0	0	0	0	0	0	0	0	0	0
1917-0379	0	0	1	0	0	0	0	0	0	1
1917-0380	0	0	1	0	0	0	0	0	0	1
1917-0381	0	0	1	0	0	0	0	0	0	1
1917-0382	0	0	0	0	0	0	0	0	0	0
1917-0383	0	0	0	0	0	0	0	0	0	0
1917-0384	0	0	1	0	0	0	0	0	0	1
1917-0385	0	0	0	0	0	0	0	0	0	0
1917-0386	0	0	0	0	0	0	0	0	0	0
1917-0387	0	0	1	0	0	0	0	0	0	1
1917-0388	0	0	0	0	0	0	0	0	0	0
1917-0389	0	0	1	0	0	0	0	0	0	1
1917-0390	1	0	0	0	0	0	0	0	0	1
1917-0391	0	0	0	0	0	0	0	0	0	0
1917-0392	0	0	0	0	0	0	0	0	0	0
1917-0393	0	0	0	0	0	0	0	0	0	0
1917-0394	0	0	1	0	0	0	0	0	0	1
1917-0395	0	0	0	0	0	0	0	0	0	0
1917-0396	0	0	0	0	0	0	0	0	0	0
1917-0397	0	0	1	0	0	0	0	0	0	1
1917-0398	0	0	0	0	0	0	0	0	0	0
1917-0399	0	0	0	0	0	0	0	0	0	0
1917-0400	0	0	1	0	0	0	0	0	0	1
1917-0401	0	0	1	0	0	0	0	0	0	1
1917-0402	0	0	0	0	0	0	0	0	0	0
1917-0403	0	0	0	0	0	0	0	0	0	0
1917-0404	0	1	0	0	0	0	0	0	0	1
1917-0405	1	0	0	0	0	0	0	0	0	1
1917-0406	0	0	0	0	0	0	0	0	0	0
1917-0407	1	0	0	0	0	0	0	0	0	1
1917-0408	1	0	0	0	0	0	0	0	0	1
1917-0409	0	0	0	0	0	0	0	0	0	0
1917-0410	0	0	1	0	0	0	0	0	0	1
1917-0411	0	0	0	0	0	0	0	0	0	0
1917-0412	0	0	0	0	0	0	0	0	0	0
1917-0413	0	0	0	0	0	0	0	0	0	0
1917-0414	0	0	1	0	0	0	0	0	0	1
1917-0415	0	0	1	0	0	0	0	0	0	1
1917-0416	0	1	0	0	0	0	0	0	0	1
1917-0417	0	0	0	0	0	0	0	0	0	0
1917-0418	0	0	0	0	0	0	0	0	0	0
1917-0419	0	0	0	0	0	0	0	0	0	0
1917-0420	0	0	0	0	0	0	0	0	0	0
1917-0421	0	0	0	0	0	0	0	0	0	0
1917-0422	0	0	0	0	0	0	0	0	0	0
1917-0423	0	0	0	0	0	0	0	0	0	0
1917-0424	0	0	1	0	0	0	0	0	0	1
1917-0425	0	0	0	0	0	0	0	0	0	0
1917-0426	0	0	0	0	0	0	0	0	0	0
1917-0427	0	0	0	0	0	0	0	0	0	0
1917-0428	0	0	1	0	0	0	0	0	0	1
1917-0429	1	0	0	0	0	0	0	0	0	1
1917-0430	1	0	0	0	0	0	0	0	0	1
1917-0431	0	0	1	0	0	0	0	0	0	1
1917-0432	0	0	1	0	0	0	0	0	0	1
1917-0433	0	0	0	0	0	0	0	0	0	0
1917-0434	0	0	1	0	0	0	0	0	0	1
1917-0435	0	0	0	0	0	0	0	0	0	0
1917-0436	0	0	0	0	0	0	0	0	0	0
1917-0437	0	0	0	0	0	0	0	0	0	0
1917-0438	0	0	0	0	0	0	0	0	0	0
1917-0439	0	1	0	0	0	0	0	0	0	1
1917-0440	0	0	2	0	0	0	0	0	0	2
1917-0441	0	0	1	0	0	0	0	0	0	1
1917-0442	0	0	0	0	0	0	0	0	0	0
1917-0443	0	0	0	0	0	0	0	0	0	0
1917-0444	0	0	0	0	0	0	0	0	0	0
1917-0445	0	0	1	0	0	0	0	0	0	1
1917-0446	0	0	0	0	0	0	0	0	0	0
1917-0447	0	0	0	0	0	0	0	0	0	0
1917-0448	1	0	0	0	0	0	0	0	0	1
1917-0449	0	0	0	0	0	0	0	0	0	0
1917-0450	0	0	0	0	0	0	0	0	0	0
1917-0451	0	0	0	0	0	0	0	0	0	0
1917-0452	0	0	1	0	0	0	0	0	0	1
1917-0453	0	0	0	0	0	0	0	0	0	0
1917-0454	0	0	0	0	0	0	0	0	0	0
1917-0455	0	0	0	0	0	0	0	0	0	0
1917-0456	0	0	1	0	0	0	0	0	0	1
1917-0457	0	0	0	0	0	0	0	0	0	0
1917-0458	0	0	0	0	0	0	0	0	0	0
1917-0459	0	0	0	0	0	0	0	0	0	0
1917-0460	0	0	0	0	0	0	0	0	0	0
1917-0461	0	0	1	0	0	0	0	0	0	1
1917-0462	1	0	0	0	0	0	0	0	0	1
1917-0463	0	0	1	0	0	0	0	0	0	1
1917-0464	1	0	0	0	0	0	0	0	0	1
1917-0465	1	0	0	0	0	0	0	0	0	1
1917-0466	1	0	0	0	0	0	0	0	0	1
1917-0467	0	0	1	0	0	0	0	0	0	1
1917-0468	0	0	0	0	0	0	0	0	0	0
1917-0469	0	0	0	0	0	0	0	0	0	0
1917-0470	0	0	0	0	0	0	0	0	0	0
1917-0471	0	0	0	0	0	0	0	0	0	0
1917-0472	0	0	0	0	0	0	0	0	0	0
1917-0473	2	0	0	0	0	0	0	0	0	2
1917-0474	0	0	0	0	0	0	0	0	0	0
1917-0475	0	0	0	0	0	0	0	0	0	0
1917-0476	0	0	0	0	0	0	0	0	0	0
1917-0477	1	0	0	0	0	0	0	0	0	1
1917-0478	0	0	0	0	0	0	0	0	0	0
1917-0479	0	0	0	0	0	0	0	0	0	0
1917-0480	0	0	0	0	0	0	0	0	0	0
1917-0481	0	0	1	0	0	0	0	0	0	1
1917-0482	0	0	1	0	0	0	0	0	0	1
1917-0483	0	0	0	0	0	0	0	0	0	0
1917-0484	0	0	0	0	0	0	0	0	0	0
1917-0485	0	0	0	0	0	0	0	0	0	0
1917-0486	0	0	1	0	0	0	0	0	0	1
1917-0487	1	0	1	0	0	0	0	0	0	2
1917-0488	0	0	0	0	0	0	0	0	0	0
1922-0087	0	0	0	0	0	0	0	0	0	0
1922-0088	0	0	0	0	0	0	0	0	0	0
1922-0089	0	0	0	0	0	0	0	0	0	0
1922-0090	1	0	0	0	0	0	0	0	0	1
1922-0091	0	1	0	0	0	0	0	0	0	1
1922-0092	0	0	0	0	0	0	0	0	0	0
1922-0093	0	0	0	0	0	0	0	0	0	0
1922-0094	0	0	0	0	0	0	0	0	0	0
1922-0095	1	0	1	0	0	0	0	0	0	2
1922-0096	0	0	0	0	0	0	0	0	0	0
1922-0097	0	1	0	0	0	0	0	0	0	1
1922-0098	1	0	1	0	0	0	0	0	0	2
1922-0099	2	0	0	0	0	0	0	0	0	2
1922-0100	0	0	1	0	0	0	0	0	0	1
1922-0101	1	2	0	0	0	0	0	0	0	3
1922-0102	1	1	0	0	0	0	0	0	0	2
1922-0103	1	1	0	0	0	0	0	0	0	2
1922-0104	1	2	0	0	0	0	0	0	0	3
1922-0105	0	0	0	0	0	0	0	0	0	0
1922-0106	0	1	0	0	0	0	0	0	0	1
1922-0107	0	0	0	0	0	0	0	0	0	0
1922-0108	0	0	0	0	0	0	0	0	0	0
1922-0109	0	0	1	0	0	0	0	0	0	1
1922-0110	0	1	2	0	0	0	0	0	0	3
1922-0111	0	0	0	0	0	0	0	0	0	0
1922-0112	0	0	0	0	0	0	0	0	0	0
1922-0113	0	0	0	0	0	0	0	0	0	0
1922-0114	0	2	0	0	0	0	0	0	0	2
1922-0115	0	1	0	0	0	0	0	0	0	1
1922-0116	0	1	0	0	0	0	0	1	0	2
1922-0117	0	1	0	0	0	0	0	1	0	2
1922-0118	0	0	0	0	0	0	0	0	0	0
1922-0119	0	1	0	0	0	0	0	0	0	1
1922-0120	0	2	0	0	0	0	0	0	0	2
1922-0121	1	1	1	0	0	0	0	0	0	3
1922-0122	1	0	0	0	0	0	0	0	0	1
1922-0123	0	0	0	0	0	0	0	0	0	0
1922-0124	1	0	0	0	0	0	0	0	0	1
1922-0125	1	0	2	0	0	0	0	0	0	3
1922-0126	0	0	0	0	0	0	0	0	0	0
1922-0127	0	0	0	0	0	0	0	0	0	0
1922-0128	0	1	0	0	0	0	0	0	0	1
1922-0129	0	1	0	0	0	0	0	0	0	1
1922-0130	0	0	1	0	0	0	0	1	0	2
1922-0131	0	0	1	0	0	0	0	0	0	1
1922-0132	0	0	0	0	0	0	0	0	0	0
1922-0133	0	0	1	0	0	0	0	0	0	1
1922-0134	0	0	0	0	0	0	0	0	0	0
1922-0135	0	2	0	0	0	0	0	0	0	2
1922-0136	0	0	0	0	0	0	0	0	0	0
1922-0137	0	0	0	0	0	0	0	0	0	0
1922-0138	0	1	0	0	0	0	0	0	0	1
1922-0139	1	0	0	0	0	0	0	0	0	1
1922-0140	0	0	2	0	0	0	0	0	0	2
1922-0141	0	0	0	0	0	1	0	0	0	1
1922-0142	0	0	1	0	0	0	0	0	0	1
1922-0143	1	2	0	0	0	0	0	0	0	3
1922-0144	0	0	0	0	0	0	0	1	0	1
1922-0145	0	0	1	0	0	0	0	0	0	1
1922-0146	0	0	0	0	0	0	0	0	0	0
1922-0147	0	1	1	0	0	0	0	0	0	2
1922-0148	0	0	3	0	0	0	0	0	0	3
1922-0149	0	0	0	0	0	0	0	0	0	0
1922-0150	0	0	0	0	0	0	0	0	0	0
1922-0151	1	0	0	0	0	0	0	0	0	1
1922-0152	0	0	0	0	0	0	0	0	0	0
1922-0153	1	0	2	0	0	0	0	0	0	3
1922-0154	0	1	0	0	0	0	0	0	0	1
1922-0155	0	0	0	0	0	0	0	0	0	0
1922-0156	1	1	0	0	0	0	0	0	0	2
1922-0157	0	0	0	0	0	0	0	0	0	0
1922-0158	1	0	1	0	0	0	0	0	0	2
1922-0159	1	0	0	0	0	0	0	0	0	1
1922-0160	0	1	0	0	0	0	0	0	0	1
1922-0161	0	1	0	0	0	0	0	0	0	1
1922-0162	0	0	0	0	0	0	0	0	0	0
1922-0163	1	0	0	0	0	0	0	0	0	1
1922-0164	0	0	1	0	0	0	0	0	0	1
1922-0165	4	0	0	0	0	0	0	0	0	4
1922-0166	0	0	0	0	0	0	0	0	0	0
1922-0167	0	0	0	0	0	0	0	0	0	0
1922-0168	0	1	1	0	0	0	0	0	0	2
1922-0169	1	0	0	0	0	0	0	0	0	1
1922-0170	0	0	0	0	0	0	0	0	0	0
1922-0171	0	0	2	0	0	0	0	0	0	2
1922-0172	0	1	0	0	0	0	0	0	0	1
1922-0173	1	0	0	0	0	0	0	0	0	1
1922-0174	0	0	0	0	0	0	0	0	0	0
1922-0175	0	1	0	0	0	0	0	0	0	1
1922-0176	0	0	0	0	0	0	0	0	0	0
1922-0177	0	0	0	0	0	0	0	0	0	0
1922-0178	0	0	0	0	0	0	0	0	0	0
1922-0179	0	2	0	1	0	0	0	0	0	3
1922-0180	0	0	0	0	0	0	0	0	0	0
1922-0181	0	1	1	0	0	0	0	0	0	2
1922-0182	0	0	0	0	0	0	0	0	0	0
1922-0183	0	2	0	0	0	0	0	0	0	2
1922-0184	1	1	0	0	0	0	0	0	0	2
1922-0185	0	1	0	0	0	0	0	0	0	1
1922-0186	0	0	1	0	0	0	0	0	0	1
1922-0187	0	1	0	0	0	0	0	0	0	1
1922-0188	0	1	0	0	0	0	0	0	0	1
1922-0189	0	2	0	0	0	0	0	0	0	2
1922-0190	0	0	0	0	0	0	0	0	0	0
1922-0191	1	0	1	0	0	0	0	0	0	2
1922-0192	0	2	0	0	0	0	0	0	0	2
1922-0193	1	1	0	0	0	0	0	0	0	2
1922-0194	0	0	0	0	0	0	0	0	0	0
1922-0195	0	0	1	0	0	0	0	0	0	1
1922-0196	0	0	0	0	0	0	0	0	0	0
1922-0197	1	0	0	0	0	0	0	0	0	1
1922-0198	0	1	0	0	0	0	0	0	0	1
1922-0199	0	0	1	0	0	0	0	0	1	2
1922-0200	0	0	0	0	0	0	0	0	0	0
1922-0201	0	0	1	0	0	0	0	0	0	1
1922-0202	1	0	0	0	0	0	0	0	0	1
1922-0203	0	0	0	0	0	0	0	0	0	0
1922-0204	0	0	1	0	0	0	0	0	0	1
1922-0205	0	1	0	0	0	0	0	0	0	1
1922-0206	0	4	0	1	0	0	0	0	0	5
1922-0207	0	1	0	0	0	0	0	0	0	1
1922-0208	0	1	0	0	0	0	0	0	0	1
1922-0209	1	0	0	0	0	0	0	0	0	1
1922-0210	0	1	0	0	0	0	0	0	0	1
1922-0211	0	0	2	0	0	0	0	0	0	2
1922-0212	2	0	0	0	0	0	0	0	0	2
1922-0213	0	0	0	0	0	0	0	0	0	0
1922-0214	0	0	0	0	0	0	0	0	0	0
1922-0215	2	0	0	0	0	0	0	0	0	2
1922-0216	0	1	0	0	0	0	0	0	0	1
1922-0217	0	0	0	0	0	0	0	0	0	0
1922-0262	11	10	2	0	0	1	0	0	0	24
1922-0263	2	6	4	0	0	0	0	0	0	12
1922-0264	7	7	2	0	0	0	0	0	0	16
1922-0265	10	8	2	0	0	0	0	0	0	20
1922-0266	6	7	0	0	0	0	0	0	0	13
1922-0267	7	3	7	0	0	0	0	0	0	17
1922-0268	4	5	0	0	0	0	0	0	0	9
1922-0269	6	3	0	0	0	0	0	0	0	9
1922-0270	6	2	1	0	0	0	0	0	0	9
1922-0367	1	2	0	0	0	0	0	0	0	3
1922-0368	0	0	0	0	0	0	0	0	0	0
1922-0369	1	0	0	0	0	0	0	0	0	1
1922-0370	0	0	0	0	0	0	0	0	0	0
1922-0371	1	0	0	0	0	0	0	0	0	1
1922-0372	1	2	0	0	0	0	0	0	0	3
1922-0373	0	0	0	0	0	0	0	0	0	0
1922-0374	0	0	0	0	0	0	0	0	0	0
1922-0375	1	0	1	0	0	0	0	0	0	2
1922-0376	0	2	0	0	0	1	0	0	0	3
1922-0377	0	2	1	0	0	0	0	0	0	3
